Coutry,Year,CentralGoveDebtGDP
Australia,1/01/1990 0:00,12.2461557
Australia,1/01/1991 0:00,11.93351231
Australia,1/01/1992 0:00,14.15705332
Australia,1/01/1993 0:00,17.88439729
Australia,1/01/1994 0:00,20.18859293
Australia,1/01/1999 0:00,31.14440586
Australia,1/01/2000 0:00,29.60976385
Australia,1/01/2001 0:00,27.44969405
Australia,1/01/2002 0:00,25.30356209
Australia,1/01/2003 0:00,24.65218871
Australia,1/01/2004 0:00,22.60573406
Australia,1/01/2005 0:00,22.55231177
Australia,1/01/2006 0:00,21.65483319
Australia,1/01/2007 0:00,20.27246427
Australia,1/01/2008 0:00,18.28626377
Australia,1/01/2009 0:00,24.00189297
Australia,1/01/2010 0:00,29.2400245
Australia,1/01/2011 0:00,30.513578
Australia,1/01/2012 0:00,40.40963051
Australia,1/01/2013 0:00,38.33918379
Fiji,1/01/1991 0:00,36.84182174
Fiji,1/01/1992 0:00,33.68674803
Fiji,1/01/1993 0:00,36.55284553
Fiji,1/01/1994 0:00,36.63785361
"Hong Kong SAR, China",1/01/2002 0:00,27.23547751
"Hong Kong SAR, China",1/01/2003 0:00,29.25710654
"Hong Kong SAR, China",1/01/2004 0:00,30.80977368
"Hong Kong SAR, China",1/01/2005 0:00,31.57687957
"Hong Kong SAR, China",1/01/2006 0:00,31.28125121
"Hong Kong SAR, China",1/01/2007 0:00,30.11159727
"Hong Kong SAR, China",1/01/2008 0:00,29.89035854
"Hong Kong SAR, China",1/01/2009 0:00,33.22197616
Indonesia,1/01/1990 0:00,42.42925462
Indonesia,1/01/1991 0:00,36.64740195
Indonesia,1/01/1992 0:00,39.3048876
Indonesia,1/01/1993 0:00,37.4975614
Indonesia,1/01/1994 0:00,36.57058927
Indonesia,1/01/1995 0:00,30.80432429
Indonesia,1/01/1996 0:00,23.92314255
Indonesia,1/01/1997 0:00,72.48536732
Indonesia,1/01/1998 0:00,55.20408753
Indonesia,1/01/1999 0:00,45.20796667
Indonesia,1/01/2002 0:00,32.22412653
Indonesia,1/01/2003 0:00,29.71739684
Indonesia,1/01/2010 0:00,26.16613305
Indonesia,1/01/2011 0:00,24.86518679
Indonesia,1/01/2012 0:00,25.03435411
Japan,1/01/2010 0:00,174.7508833
Japan,1/01/2011 0:00,189.5273777
Japan,1/01/2012 0:00,195.5631786
Japan,1/01/2013 0:00,201.1292822
"Korea, Rep.",1/01/1990 0:00,7.406481204
"Korea, Rep.",1/01/1991 0:00,10.1912025
"Korea, Rep.",1/01/1992 0:00,9.977212517
"Korea, Rep.",1/01/1993 0:00,9.216920891
"Korea, Rep.",1/01/1994 0:00,8.266541562
"Korea, Rep.",1/01/1995 0:00,7.310484775
"Korea, Rep.",1/01/1996 0:00,6.939824979
"Korea, Rep.",1/01/1997 0:00,8.823408054
Mongolia,1/01/1992 0:00,20.62167338
Mongolia,1/01/1993 0:00,41.4415301
Mongolia,1/01/1994 0:00,51.43452984
Mongolia,1/01/1995 0:00,37.07128268
Mongolia,1/01/1996 0:00,49.47963203
Mongolia,1/01/1997 0:00,54.62757869
Mongolia,1/01/1998 0:00,71.57533405
Mongolia,1/01/1999 0:00,83.9144977
Mongolia,1/01/2000 0:00,78.41832771
Mongolia,1/01/2001 0:00,69.09979809
Mongolia,1/01/2003 0:00,95.72553134
Mongolia,1/01/2006 0:00,50.49447762
Mongolia,1/01/2007 0:00,43.51401239
Mongolia,1/01/2009 0:00,59.50711514
Malaysia,1/01/1990 0:00,79.53661793
Malaysia,1/01/1991 0:00,73.31986412
Malaysia,1/01/1992 0:00,64.37772513
Malaysia,1/01/1993 0:00,55.69215938
Malaysia,1/01/1994 0:00,47.6199734
Malaysia,1/01/1995 0:00,41.06988745
Malaysia,1/01/2002 0:00,43.04745154
Malaysia,1/01/2003 0:00,45.0766413
Malaysia,1/01/2004 0:00,45.69654192
Malaysia,1/01/2005 0:00,42.06755976
Malaysia,1/01/2006 0:00,40.58846415
Malaysia,1/01/2007 0:00,40.08812577
Malaysia,1/01/2008 0:00,39.79975453
Malaysia,1/01/2009 0:00,50.83575538
Malaysia,1/01/2010 0:00,49.55976273
Malaysia,1/01/2011 0:00,50.02868164
Malaysia,1/01/2012 0:00,51.64648479
New Zealand,1/01/2002 0:00,32.73512789
New Zealand,1/01/2003 0:00,48.1851978
New Zealand,1/01/2004 0:00,43.79705024
New Zealand,1/01/2005 0:00,44.03886994
New Zealand,1/01/2006 0:00,42.99157034
New Zealand,1/01/2007 0:00,37.08692397
New Zealand,1/01/2008 0:00,36.42330922
New Zealand,1/01/2009 0:00,47.52996741
New Zealand,1/01/2010 0:00,49.64373198
New Zealand,1/01/2011 0:00,63.44802944
New Zealand,1/01/2012 0:00,67.93928495
New Zealand,1/01/2013 0:00,60.19057294
Philippines,1/01/1990 0:00,51.30170984
Philippines,1/01/1991 0:00,49.69811965
Philippines,1/01/1992 0:00,52.77313088
Philippines,1/01/1993 0:00,67.13128969
Philippines,1/01/1994 0:00,56.41650108
Philippines,1/01/1995 0:00,61.06374193
Philippines,1/01/1996 0:00,53.18961731
Philippines,1/01/1997 0:00,55.65377133
Philippines,1/01/1998 0:00,60.12526816
Philippines,1/01/1999 0:00,54.51869396
Philippines,1/01/2000 0:00,49.5810595
Philippines,1/01/2001 0:00,55.71665441
Philippines,1/01/2002 0:00,62.76996947
Philippines,1/01/2003 0:00,67.74914485
Philippines,1/01/2004 0:00,73.94496555
Philippines,1/01/2012 0:00,51.48241815
Papua New Guinea,1/01/1990 0:00,48.95325401
Papua New Guinea,1/01/1991 0:00,46.6108276
Papua New Guinea,1/01/1992 0:00,44.86431447
Papua New Guinea,1/01/1993 0:00,44.32619013
Papua New Guinea,1/01/1994 0:00,53.54501564
Papua New Guinea,1/01/1995 0:00,53.66200139
Papua New Guinea,1/01/1996 0:00,55.6433691
Papua New Guinea,1/01/1997 0:00,62.40465563
Papua New Guinea,1/01/1998 0:00,66.35014609
Papua New Guinea,1/01/1999 0:00,63.53730092
Papua New Guinea,1/01/2000 0:00,57.74153126
Papua New Guinea,1/01/2001 0:00,68.26755673
Papua New Guinea,1/01/2002 0:00,69.73446013
Singapore,1/01/1990 0:00,77.83874861
Singapore,1/01/1991 0:00,78.96294542
Singapore,1/01/1992 0:00,81.84170013
Singapore,1/01/1993 0:00,72.83025222
Singapore,1/01/1994 0:00,70.1990093
Singapore,1/01/1995 0:00,72.71505668
Singapore,1/01/1996 0:00,72.65394584
Singapore,1/01/1997 0:00,71.33237182
Singapore,1/01/1998 0:00,82.61904081
Singapore,1/01/1999 0:00,87.86194042
Singapore,1/01/2000 0:00,84.05273769
Singapore,1/01/2001 0:00,94.47154258
Singapore,1/01/2002 0:00,107.0224789
Singapore,1/01/2003 0:00,109.3110006
Singapore,1/01/2004 0:00,102.5339181
Singapore,1/01/2005 0:00,95.25731584
Singapore,1/01/2006 0:00,83.3044478
Singapore,1/01/2007 0:00,77.68853654
Singapore,1/01/2008 0:00,97.10515905
Singapore,1/01/2009 0:00,107.3365778
Singapore,1/01/2010 0:00,102.903421
Singapore,1/01/2011 0:00,106.3022317
Singapore,1/01/2012 0:00,109.7440059
Thailand,1/01/1990 0:00,18.4477535
Thailand,1/01/1991 0:00,13.36556717
Thailand,1/01/1992 0:00,10.87899502
Thailand,1/01/1993 0:00,8.186210895
Thailand,1/01/1994 0:00,5.693219827
Thailand,1/01/1995 0:00,4.610100317
Thailand,1/01/1996 0:00,3.67349681
Thailand,1/01/1997 0:00,4.641531175
Thailand,1/01/1998 0:00,10.66984408
Thailand,1/01/1999 0:00,20.00580042
Thailand,1/01/2000 0:00,21.96457424
Thailand,1/01/2001 0:00,24.57827965
Thailand,1/01/2002 0:00,30.07035684
Thailand,1/01/2003 0:00,27.04602318
Thailand,1/01/2004 0:00,24.39643775
Thailand,1/01/2005 0:00,25.45813418
Thailand,1/01/2006 0:00,24.38062726
Thailand,1/01/2007 0:00,22.9934521
Thailand,1/01/2008 0:00,22.45021048
Thailand,1/01/2009 0:00,26.7920961
Thailand,1/01/2010 0:00,26.91514714
Thailand,1/01/2011 0:00,28.14796105
Thailand,1/01/2012 0:00,28.45090013
Thailand,1/01/2013 0:00,29.23096834
Vanuatu,1/01/1990 0:00,24.9665624
Vanuatu,1/01/1995 0:00,25.77889639
Vanuatu,1/01/1996 0:00,23.81439159
Vanuatu,1/01/1997 0:00,24.89376054
Vanuatu,1/01/1998 0:00,28.4022961
Vanuatu,1/01/1999 0:00,27.30400093
Albania,1/01/1995 0:00,35.28888344
Albania,1/01/1996 0:00,36.17787161
Albania,1/01/1997 0:00,50.8261396
Albania,1/01/1998 0:00,52.25779226
Austria,1/01/2010 0:00,79.40830371
Austria,1/01/2011 0:00,80.14872034
Austria,1/01/2012 0:00,85.38330569
Austria,1/01/2013 0:00,83.41100192
Azerbaijan,1/01/2008 0:00,4.576537975
Azerbaijan,1/01/2009 0:00,6.295012401
Azerbaijan,1/01/2010 0:00,6.385575792
Belgium,1/01/2010 0:00,92.31364265
Belgium,1/01/2011 0:00,94.91447928
Belgium,1/01/2012 0:00,103.8139207
Belgium,1/01/2013 0:00,101.5452116
Bulgaria,1/01/2009 0:00,12.96336221
Bulgaria,1/01/2010 0:00,14.27699525
Bulgaria,1/01/2011 0:00,14.52212183
Bulgaria,1/01/2012 0:00,17.20211519
Bosnia and Herzegovina,1/01/2011 0:00,43.13173917
Bosnia and Herzegovina,1/01/2012 0:00,47.78280425
Bosnia and Herzegovina,1/01/2013 0:00,46.0035936
Belarus,1/01/1992 0:00,25.63547864
Belarus,1/01/1993 0:00,5.186132424
Belarus,1/01/1994 0:00,75.95485916
Belarus,1/01/1995 0:00,16.88011624
Belarus,1/01/1996 0:00,11.52011685
Belarus,1/01/1997 0:00,12.17146575
Belarus,1/01/1998 0:00,20.18053977
Belarus,1/01/1999 0:00,15.10311895
Belarus,1/01/2000 0:00,15.01445182
Belarus,1/01/2001 0:00,11.44061677
Belarus,1/01/2002 0:00,12.33668601
Belarus,1/01/2005 0:00,6.570220588
Belarus,1/01/2006 0:00,6.644401832
Belarus,1/01/2007 0:00,8.909260816
Belarus,1/01/2008 0:00,10.65663437
Belarus,1/01/2009 0:00,19.18518401
Belarus,1/01/2010 0:00,19.59371506
Belarus,1/01/2011 0:00,40.75485188
Belarus,1/01/2012 0:00,25.22436458
Switzerland,1/01/1991 0:00,11.75771395
Switzerland,1/01/1992 0:00,14.50317728
Switzerland,1/01/1993 0:00,17.81870845
Switzerland,1/01/1994 0:00,18.96403433
Switzerland,1/01/1995 0:00,20.32810996
Switzerland,1/01/1996 0:00,21.70248779
Switzerland,1/01/1997 0:00,23.33222017
Switzerland,1/01/1998 0:00,25.63260796
Switzerland,1/01/1999 0:00,23.48162352
Switzerland,1/01/2000 0:00,23.56428895
Switzerland,1/01/2001 0:00,22.71583076
Switzerland,1/01/2002 0:00,32.78693782
Switzerland,1/01/2003 0:00,31.96438019
Switzerland,1/01/2004 0:00,36.26743077
Switzerland,1/01/2005 0:00,38.25801573
Switzerland,1/01/2006 0:00,33.70706407
Switzerland,1/01/2007 0:00,28.60271439
Switzerland,1/01/2008 0:00,26.20416368
Switzerland,1/01/2009 0:00,24.41534244
Switzerland,1/01/2010 0:00,23.72830694
Switzerland,1/01/2011 0:00,24.1914956
Cyprus,1/01/1990 0:00,86.61874249
Cyprus,1/01/1991 0:00,96.38423397
Cyprus,1/01/1992 0:00,95.83398675
Cyprus,1/01/1993 0:00,100.33044
Cyprus,1/01/1994 0:00,91.66831452
Cyprus,1/01/2010 0:00,93.83862091
Cyprus,1/01/2011 0:00,104.1998816
Cyprus,1/01/2012 0:00,119.5609113
Cyprus,1/01/2013 0:00,145.8487086
Czech Republic,1/01/1993 0:00,16.00324841
Czech Republic,1/01/1994 0:00,14.24081847
Czech Republic,1/01/1995 0:00,12.33435541
Czech Republic,1/01/1996 0:00,10.22402906
Czech Republic,1/01/1997 0:00,9.798081309
Czech Republic,1/01/1998 0:00,9.793954691
Czech Republic,1/01/1999 0:00,10.90859518
Czech Republic,1/01/2000 0:00,12.64537665
Czech Republic,1/01/2001 0:00,14.21204138
Czech Republic,1/01/2002 0:00,14.80785782
Czech Republic,1/01/2003 0:00,17.5304329
Czech Republic,1/01/2004 0:00,19.26339096
Czech Republic,1/01/2005 0:00,21.07369247
Czech Republic,1/01/2006 0:00,22.66342489
Czech Republic,1/01/2007 0:00,23.12473528
Czech Republic,1/01/2008 0:00,24.41605281
Czech Republic,1/01/2009 0:00,29.58988247
Czech Republic,1/01/2010 0:00,33.556452
Czech Republic,1/01/2011 0:00,36.36024581
Czech Republic,1/01/2012 0:00,40.82348997
Germany,1/01/1990 0:00,21.01008282
Germany,1/01/2010 0:00,53.84797253
Germany,1/01/2011 0:00,53.38423747
Germany,1/01/2012 0:00,55.22785187
Germany,1/01/2013 0:00,52.33371856
Denmark,1/01/1991 0:00,62.25152518
Denmark,1/01/1992 0:00,66.72561389
Denmark,1/01/1993 0:00,78.3665164
Denmark,1/01/1994 0:00,75.26999628
Denmark,1/01/2010 0:00,43.03151977
Denmark,1/01/2011 0:00,49.91518509
Denmark,1/01/2012 0:00,49.37113606
Denmark,1/01/2013 0:00,46.56866305
Spain,1/01/1990 0:00,35.22800391
Spain,1/01/1991 0:00,35.26088907
Spain,1/01/1992 0:00,37.08486141
Spain,1/01/1993 0:00,46.82600546
Spain,1/01/1994 0:00,48.23565051
Spain,1/01/1995 0:00,55.39854156
Spain,1/01/1996 0:00,61.0846091
Spain,1/01/1997 0:00,60.67688301
Spain,1/01/1998 0:00,61.04158256
Spain,1/01/1999 0:00,55.94599696
Spain,1/01/2000 0:00,53.43876427
Spain,1/01/2001 0:00,49.17558546
Spain,1/01/2002 0:00,47.54286558
Spain,1/01/2003 0:00,42.84890959
Spain,1/01/2004 0:00,40.94657585
Spain,1/01/2005 0:00,37.95851267
Spain,1/01/2006 0:00,33.72467798
Spain,1/01/2007 0:00,29.72121726
Spain,1/01/2008 0:00,33.86800212
Spain,1/01/2009 0:00,46.08056765
Spain,1/01/2010 0:00,53.61449071
Spain,1/01/2011 0:00,61.83202185
Spain,1/01/2012 0:00,83.45094621
Spain,1/01/2013 0:00,96.47233457
Estonia,1/01/1995 0:00,0.628433348
Estonia,1/01/1996 0:00,0.565510767
Estonia,1/01/1997 0:00,0.536487184
Estonia,1/01/1998 0:00,0.263660454
Estonia,1/01/1999 0:00,0.350529613
Estonia,1/01/2010 0:00,0.519205856
Estonia,1/01/2011 0:00,0.387819032
Estonia,1/01/2012 0:00,0.625414512
Estonia,1/01/2013 0:00,0.629979215
Finland,1/01/1990 0:00,10.4697491
Finland,1/01/1991 0:00,17.00310657
Finland,1/01/1992 0:00,34.07880737
Finland,1/01/1993 0:00,51.60067218
Finland,1/01/1994 0:00,58.23521664
Finland,1/01/2010 0:00,46.81079637
Finland,1/01/2011 0:00,47.89123732
Finland,1/01/2012 0:00,52.46530159
Finland,1/01/2013 0:00,53.68816679
France,1/01/2010 0:00,76.27848351
France,1/01/2011 0:00,79.48345153
France,1/01/2012 0:00,88.92396435
France,1/01/2013 0:00,88.52456693
United Kingdom,1/01/1990 0:00,30.20336976
United Kingdom,1/01/1991 0:00,29.19489701
United Kingdom,1/01/1992 0:00,30.39975065
United Kingdom,1/01/1993 0:00,35.31354894
United Kingdom,1/01/1994 0:00,40.48009045
United Kingdom,1/01/1995 0:00,47.61419458
United Kingdom,1/01/1996 0:00,47.26076664
United Kingdom,1/01/1997 0:00,48.11610173
United Kingdom,1/01/1998 0:00,49.39085503
United Kingdom,1/01/1999 0:00,45.50966767
United Kingdom,1/01/2000 0:00,45.19613253
United Kingdom,1/01/2001 0:00,40.70977149
United Kingdom,1/01/2002 0:00,41.01164378
United Kingdom,1/01/2003 0:00,41.06795846
United Kingdom,1/01/2004 0:00,44.36753056
United Kingdom,1/01/2005 0:00,46.31469017
United Kingdom,1/01/2006 0:00,45.80533662
United Kingdom,1/01/2007 0:00,46.71701051
United Kingdom,1/01/2008 0:00,57.38258269
United Kingdom,1/01/2009 0:00,71.42362131
United Kingdom,1/01/2010 0:00,84.19476609
United Kingdom,1/01/2011 0:00,97.50660706
United Kingdom,1/01/2012 0:00,101.9509216
United Kingdom,1/01/2013 0:00,98.26398355
Georgia,1/01/1997 0:00,43.40574789
Georgia,1/01/1998 0:00,56.9044516
Georgia,1/01/1999 0:00,71.93718047
Georgia,1/01/2000 0:00,69.93811361
Georgia,1/01/2001 0:00,66.6691829
Georgia,1/01/2002 0:00,64.95819623
Georgia,1/01/2003 0:00,53.80604937
Georgia,1/01/2004 0:00,43.83622081
Georgia,1/01/2005 0:00,40.92349573
Georgia,1/01/2006 0:00,27.9581003
Georgia,1/01/2007 0:00,22.68712595
Georgia,1/01/2008 0:00,27.01777146
Georgia,1/01/2009 0:00,34.61136439
Georgia,1/01/2010 0:00,36.79972027
Georgia,1/01/2011 0:00,32.45976154
Georgia,1/01/2012 0:00,32.53069811
Greece,1/01/2010 0:00,132.4187425
Greece,1/01/2011 0:00,111.1130028
Greece,1/01/2012 0:00,165.4777894
Greece,1/01/2013 0:00,181.9295642
Hungary,1/01/1991 0:00,71.57706115
Hungary,1/01/1992 0:00,75.84600124
Hungary,1/01/1993 0:00,86.53600886
Hungary,1/01/1994 0:00,83.72752821
Hungary,1/01/1995 0:00,86.48311501
Hungary,1/01/1996 0:00,75.22066204
Hungary,1/01/1997 0:00,67.46339479
Hungary,1/01/1998 0:00,64.13454262
Hungary,1/01/1999 0:00,66.61232365
Hungary,1/01/2000 0:00,61.06416139
Hungary,1/01/2001 0:00,59.32876165
Hungary,1/01/2002 0:00,59.01686023
Hungary,1/01/2003 0:00,59.80790854
Hungary,1/01/2004 0:00,63.0810185
Hungary,1/01/2005 0:00,65.29249732
Hungary,1/01/2006 0:00,68.5948734
Hungary,1/01/2007 0:00,69.22755445
Hungary,1/01/2008 0:00,72.54313474
Hungary,1/01/2009 0:00,80.98148229
Hungary,1/01/2010 0:00,81.65024779
Hungary,1/01/2011 0:00,90.99908061
Hungary,1/01/2012 0:00,94.28021046
Hungary,1/01/2013 0:00,94.53781897
Ireland,1/01/1998 0:00,59.95291351
Ireland,1/01/1999 0:00,48.52023747
Ireland,1/01/2000 0:00,38.43123258
Ireland,1/01/2001 0:00,34.72874747
Ireland,1/01/2002 0:00,33.62133707
Ireland,1/01/2003 0:00,32.44825065
Ireland,1/01/2004 0:00,30.87217145
Ireland,1/01/2005 0:00,30.77228151
Ireland,1/01/2006 0:00,27.01606584
Ireland,1/01/2007 0:00,26.95255197
Ireland,1/01/2008 0:00,46.82606805
Ireland,1/01/2009 0:00,66.97448582
Ireland,1/01/2010 0:00,83.68026006
Ireland,1/01/2011 0:00,109.9948371
Ireland,1/01/2012 0:00,130.4947733
Ireland,1/01/2013 0:00,132.9785974
Iceland,1/01/1990 0:00,29.67213458
Iceland,1/01/1991 0:00,31.06158827
Iceland,1/01/1992 0:00,37.34401814
Iceland,1/01/1993 0:00,42.71306196
Iceland,1/01/1994 0:00,43.74736915
Iceland,1/01/1995 0:00,45.96938161
Iceland,1/01/1996 0:00,45.23668037
Iceland,1/01/1997 0:00,68.22728733
Iceland,1/01/1998 0:00,63.44044774
Iceland,1/01/1999 0:00,59.51456422
Iceland,1/01/2000 0:00,58.91682916
Iceland,1/01/2001 0:00,61.09067218
Iceland,1/01/2002 0:00,57.26169624
Iceland,1/01/2003 0:00,55.08230759
Iceland,1/01/2004 0:00,48.70551233
Iceland,1/01/2005 0:00,38.32401957
Iceland,1/01/2006 0:00,43.34463521
Iceland,1/01/2007 0:00,41.20578697
Iceland,1/01/2008 0:00,79.6043338
Iceland,1/01/2009 0:00,99.2564791
Iceland,1/01/2010 0:00,104.6941383
Iceland,1/01/2011 0:00,112.937883
Iceland,1/01/2012 0:00,112.5040316
Iceland,1/01/2013 0:00,103.1947623
Italy,1/01/1991 0:00,71.63336302
Italy,1/01/1992 0:00,77.69171233
Italy,1/01/2010 0:00,114.5974587
Italy,1/01/2011 0:00,108.2570738
Italy,1/01/2012 0:00,126.9251842
Italy,1/01/2013 0:00,134.6535017
Kazakhstan,1/01/1997 0:00,12.18371042
Kazakhstan,1/01/1998 0:00,16.82658176
Kazakhstan,1/01/1999 0:00,26.62626528
Kazakhstan,1/01/2000 0:00,21.61815982
Kazakhstan,1/01/2001 0:00,17.65685667
Kazakhstan,1/01/2002 0:00,15.35628753
Kazakhstan,1/01/2003 0:00,13.21759247
Kyrgyz Republic,1/01/1995 0:00,45.60516813
Kyrgyz Republic,1/01/1996 0:00,71.4341882
Kyrgyz Republic,1/01/1997 0:00,73.90641243
Kyrgyz Republic,1/01/1998 0:00,111.2169191
Kyrgyz Republic,1/01/1999 0:00,132.7338178
Kyrgyz Republic,1/01/2000 0:00,114.5343924
Kyrgyz Republic,1/01/2001 0:00,99.33097195
Lithuania,1/01/1997 0:00,14.51985982
Lithuania,1/01/1998 0:00,14.88471972
Lithuania,1/01/1999 0:00,21.37825307
Lithuania,1/01/2010 0:00,40.63814613
Lithuania,1/01/2011 0:00,40.75319834
Lithuania,1/01/2012 0:00,46.99984111
Lithuania,1/01/2013 0:00,43.76049951
Luxembourg,1/01/1990 0:00,2.410324878
Luxembourg,1/01/1991 0:00,1.871301815
Luxembourg,1/01/1992 0:00,2.507876332
Luxembourg,1/01/1993 0:00,2.774895894
Luxembourg,1/01/1997 0:00,4.427392065
Luxembourg,1/01/2000 0:00,4.963830489
Luxembourg,1/01/2001 0:00,4.683313449
Luxembourg,1/01/2002 0:00,4.552960574
Luxembourg,1/01/2003 0:00,3.842333474
Luxembourg,1/01/2004 0:00,4.025501781
Luxembourg,1/01/2005 0:00,3.675329928
Luxembourg,1/01/2006 0:00,4.42019045
Luxembourg,1/01/2007 0:00,4.681462456
Luxembourg,1/01/2008 0:00,12.29401251
Luxembourg,1/01/2009 0:00,13.23077049
Luxembourg,1/01/2010 0:00,18.1877015
Luxembourg,1/01/2011 0:00,16.99613565
Luxembourg,1/01/2012 0:00,20.14661994
Latvia,1/01/1995 0:00,13.20389155
Latvia,1/01/1996 0:00,12.42010366
Latvia,1/01/1997 0:00,10.34038462
Latvia,1/01/1998 0:00,8.807292162
Latvia,1/01/1999 0:00,11.59023429
Latvia,1/01/2000 0:00,11.86241304
Latvia,1/01/2001 0:00,13.60273181
Latvia,1/01/2008 0:00,21.68745534
Latvia,1/01/2009 0:00,41.73014371
Latvia,1/01/2010 0:00,50.43995596
Latvia,1/01/2011 0:00,42.26558501
Latvia,1/01/2012 0:00,41.59453671
Moldova,1/01/1995 0:00,37.62874883
Moldova,1/01/1996 0:00,40.12298605
Moldova,1/01/1997 0:00,48.08717853
Moldova,1/01/1998 0:00,85.82478618
Moldova,1/01/1999 0:00,77.89831431
Moldova,1/01/2000 0:00,73.01938819
Moldova,1/01/2001 0:00,60.77532912
Moldova,1/01/2002 0:00,59.55925064
Moldova,1/01/2003 0:00,52.53391896
Moldova,1/01/2004 0:00,51.9546574
Moldova,1/01/2005 0:00,32.42521639
Moldova,1/01/2006 0:00,29.17905196
Moldova,1/01/2007 0:00,23.23975238
Moldova,1/01/2008 0:00,18.44264949
Moldova,1/01/2009 0:00,27.63222644
Moldova,1/01/2010 0:00,26.32298147
Moldova,1/01/2011 0:00,23.70905587
Moldova,1/01/2012 0:00,24.3259057
Netherlands,1/01/1990 0:00,55.5116723
Netherlands,1/01/1991 0:00,56.00434492
Netherlands,1/01/1992 0:00,56.81384804
Netherlands,1/01/1993 0:00,57.26222423
Netherlands,1/01/1994 0:00,54.99635925
Netherlands,1/01/1995 0:00,68.41129906
Netherlands,1/01/1996 0:00,67.77284434
Netherlands,1/01/1997 0:00,63.77339152
Netherlands,1/01/1998 0:00,62.9017622
Netherlands,1/01/1999 0:00,55.00821818
Netherlands,1/01/2000 0:00,49.26561196
Netherlands,1/01/2001 0:00,46.03751535
Netherlands,1/01/2002 0:00,47.09697345
Netherlands,1/01/2003 0:00,48.24353329
Netherlands,1/01/2004 0:00,48.78201621
Netherlands,1/01/2005 0:00,48.2609335
Netherlands,1/01/2006 0:00,42.69317744
Netherlands,1/01/2007 0:00,40.21539999
Netherlands,1/01/2008 0:00,52.83800845
Netherlands,1/01/2009 0:00,55.12533355
Netherlands,1/01/2010 0:00,58.62786455
Netherlands,1/01/2011 0:00,62.42291139
Netherlands,1/01/2012 0:00,68.53637215
Netherlands,1/01/2013 0:00,68.27290787
Norway,1/01/1990 0:00,19.84703783
Norway,1/01/1991 0:00,18.59428172
Norway,1/01/1992 0:00,22.3428321
Norway,1/01/1993 0:00,31.56078995
Norway,1/01/1994 0:00,30.75198078
Norway,1/01/1995 0:00,28.68633713
Norway,1/01/1996 0:00,23.57145534
Norway,1/01/1997 0:00,20.88653228
Norway,1/01/1998 0:00,19.03383162
Norway,1/01/1999 0:00,19.3700564
Norway,1/01/2000 0:00,23.05625173
Norway,1/01/2001 0:00,19.57196241
Norway,1/01/2002 0:00,28.07905044
Norway,1/01/2003 0:00,36.27187378
Norway,1/01/2004 0:00,38.31920847
Norway,1/01/2005 0:00,35.37091607
Norway,1/01/2006 0:00,48.18815594
Norway,1/01/2007 0:00,44.87967716
Norway,1/01/2008 0:00,43.51568466
Norway,1/01/2009 0:00,35.26874652
Norway,1/01/2010 0:00,35.1377887
Norway,1/01/2011 0:00,20.27956574
Norway,1/01/2012 0:00,20.77493383
Norway,1/01/2013 0:00,20.95313447
Poland,1/01/1994 0:00,61.63651521
Poland,1/01/1995 0:00,49.47668127
Poland,1/01/1996 0:00,43.82584307
Poland,1/01/1997 0:00,42.90116919
Poland,1/01/1998 0:00,39.40789848
Poland,1/01/1999 0:00,39.97053075
Poland,1/01/2000 0:00,36.27421662
Poland,1/01/2001 0:00,32.94605568
Poland,1/01/2002 0:00,41.27448495
Poland,1/01/2003 0:00,44.98800077
Poland,1/01/2004 0:00,44.40907383
Poland,1/01/2005 0:00,46.83704817
Poland,1/01/2006 0:00,46.79391442
Poland,1/01/2007 0:00,42.47602525
Poland,1/01/2008 0:00,44.57075181
Poland,1/01/2009 0:00,47.43025857
Poland,1/01/2010 0:00,50.98148174
Poland,1/01/2011 0:00,51.57744021
Poland,1/01/2012 0:00,55.15502839
Poland,1/01/2013 0:00,55.59157203
Portugal,1/01/1993 0:00,8.24492615
Portugal,1/01/1994 0:00,5.656847488
Portugal,1/01/2010 0:00,100.248368
Portugal,1/01/2011 0:00,102.4101745
Portugal,1/01/2012 0:00,133.8816088
Portugal,1/01/2013 0:00,138.0460028
Romania,1/01/2010 0:00,34.59767353
Romania,1/01/2011 0:00,38.84623743
Romania,1/01/2012 0:00,41.48595189
Romania,1/01/2013 0:00,41.49451264
Russian Federation,1/01/1998 0:00,143.9502626
Russian Federation,1/01/1999 0:00,100.7448328
Russian Federation,1/01/2000 0:00,62.14928439
Russian Federation,1/01/2001 0:00,48.98351864
Russian Federation,1/01/2002 0:00,41.39586153
Russian Federation,1/01/2005 0:00,16.66086847
Russian Federation,1/01/2006 0:00,9.891073342
Russian Federation,1/01/2007 0:00,7.158429729
Russian Federation,1/01/2008 0:00,6.495287372
Russian Federation,1/01/2009 0:00,8.697866233
Russian Federation,1/01/2010 0:00,9.089899815
Russian Federation,1/01/2011 0:00,9.26863863
Russian Federation,1/01/2012 0:00,9.352408819
Russian Federation,1/01/2013 0:00,13.60248329
San Marino,1/01/1995 0:00,5102.681325
San Marino,1/01/2002 0:00,16.54846631
San Marino,1/01/2003 0:00,34.47393447
San Marino,1/01/2004 0:00,41.4913508
San Marino,1/01/2005 0:00,51.08099241
San Marino,1/01/2006 0:00,62.04226678
San Marino,1/01/2007 0:00,61.45918962
San Marino,1/01/2008 0:00,59.04640987
Slovak Republic,1/01/1996 0:00,0.772538106
Slovak Republic,1/01/1997 0:00,0.876053975
Slovak Republic,1/01/1998 0:00,0.890942595
Slovak Republic,1/01/1999 0:00,1.450149525
Slovak Republic,1/01/2000 0:00,1.596143642
Slovak Republic,1/01/2001 0:00,1.533162421
Slovak Republic,1/01/2002 0:00,1.301954511
Slovak Republic,1/01/2003 0:00,44.50556567
Slovak Republic,1/01/2004 0:00,43.94138764
Slovak Republic,1/01/2005 0:00,36.43978533
Slovak Republic,1/01/2006 0:00,32.26824609
Slovak Republic,1/01/2007 0:00,31.18789636
Slovak Republic,1/01/2008 0:00,29.58298
Slovak Republic,1/01/2009 0:00,37.63044264
Slovak Republic,1/01/2010 0:00,44.59617918
Slovak Republic,1/01/2011 0:00,47.05894198
Slovak Republic,1/01/2012 0:00,53.30985625
Slovak Republic,1/01/2013 0:00,63.20001406
Slovenia,1/01/1995 0:00,16.58200362
Slovenia,1/01/1996 0:00,19.97390488
Slovenia,1/01/1997 0:00,20.58210914
Slovenia,1/01/1998 0:00,21.12126604
Slovenia,1/01/1999 0:00,21.65948211
Sweden,1/01/2010 0:00,42.28350957
Sweden,1/01/2011 0:00,42.81646469
Sweden,1/01/2012 0:00,42.02133087
Sweden,1/01/2013 0:00,41.98058892
Tajikistan,1/01/1999 0:00,151.5441704
Tajikistan,1/01/2000 0:00,114.0722505
Tajikistan,1/01/2001 0:00,79.80370337
Turkey,1/01/1990 0:00,30.2454942
Turkey,1/01/1991 0:00,32.12991113
Turkey,1/01/1992 0:00,34.01727653
Turkey,1/01/1993 0:00,33.69822406
Turkey,1/01/1994 0:00,44.01750695
Turkey,1/01/1995 0:00,35.84139984
Turkey,1/01/1996 0:00,37.92075171
Turkey,1/01/1997 0:00,44.29328947
Turkey,1/01/1998 0:00,31.04820768
Turkey,1/01/2008 0:00,43.47996961
Turkey,1/01/2009 0:00,52.94404207
Turkey,1/01/2010 0:00,50.07492959
Turkey,1/01/2011 0:00,45.5186859
Turkey,1/01/2012 0:00,43.52573809
Turkey,1/01/2013 0:00,38.01021443
Ukraine,1/01/1999 0:00,60.97644818
Ukraine,1/01/2000 0:00,45.28746987
Ukraine,1/01/2008 0:00,13.82670433
Ukraine,1/01/2009 0:00,24.87512386
Ukraine,1/01/2010 0:00,29.88033095
Ukraine,1/01/2011 0:00,27.4827595
Ukraine,1/01/2012 0:00,33.70308592
Belize,1/01/1990 0:00,28.06343058
Belize,1/01/1991 0:00,28.64348021
Belize,1/01/1992 0:00,32.96017275
Belize,1/01/1993 0:00,35.32653205
Belize,1/01/1994 0:00,37.167497
Belize,1/01/1995 0:00,36.31089105
Belize,1/01/1996 0:00,38.83228582
Belize,1/01/2009 0:00,82.00437972
Belize,1/01/2010 0:00,80.16789903
Belize,1/01/2011 0:00,76.87422294
Belize,1/01/2012 0:00,74.47114506
Barbados,1/01/2005 0:00,62.51497011
Barbados,1/01/2006 0:00,61.12013533
Barbados,1/01/2007 0:00,68.70851351
Barbados,1/01/2008 0:00,74.06486146
Barbados,1/01/2009 0:00,84.30279148
Barbados,1/01/2010 0:00,97.54417577
Barbados,1/01/2011 0:00,107.1401625
Barbados,1/01/2012 0:00,120.5418985
Barbados,1/01/2013 0:00,131.631527
Colombia,1/01/1998 0:00,5.403915536
Colombia,1/01/1999 0:00,19.06535051
Colombia,1/01/2000 0:00,17.70902163
Colombia,1/01/2003 0:00,52.5354206
Colombia,1/01/2008 0:00,64.76493854
Colombia,1/01/2009 0:00,68.57884245
Colombia,1/01/2010 0:00,72.33779261
Colombia,1/01/2011 0:00,62.77181095
Colombia,1/01/2012 0:00,65.45031298
Colombia,1/01/2013 0:00,58.64525119
Costa Rica,1/01/1996 0:00,29.67938086
Costa Rica,1/01/1997 0:00,29.6747367
Costa Rica,1/01/1998 0:00,39.01478607
Costa Rica,1/01/1999 0:00,36.19068566
Costa Rica,1/01/2000 0:00,36.24961887
Costa Rica,1/01/2001 0:00,38.31015786
Dominican Republic,1/01/1996 0:00,21.08720245
Dominican Republic,1/01/1997 0:00,17.95047758
Dominican Republic,1/01/1999 0:00,16.74035985
Guatemala,1/01/1990 0:00,24.48068514
Guatemala,1/01/1991 0:00,17.75179131
Guatemala,1/01/1992 0:00,15.83121931
Guatemala,1/01/1993 0:00,13.62250812
Guatemala,1/01/1994 0:00,13.16194904
Guatemala,1/01/1995 0:00,11.40499902
Guatemala,1/01/1996 0:00,11.24183287
Guatemala,1/01/1997 0:00,11.34521767
Guatemala,1/01/1998 0:00,11.28016784
Guatemala,1/01/1999 0:00,13.47018859
Guatemala,1/01/2000 0:00,16.98382301
Guatemala,1/01/2001 0:00,19.94650241
Guatemala,1/01/2002 0:00,18.39359998
Guatemala,1/01/2003 0:00,20.71104107
Guatemala,1/01/2004 0:00,21.78594695
Guatemala,1/01/2005 0:00,21.26247935
Guatemala,1/01/2006 0:00,21.87667656
Guatemala,1/01/2007 0:00,21.63557304
Guatemala,1/01/2008 0:00,20.05394505
Guatemala,1/01/2009 0:00,23.01723397
Guatemala,1/01/2010 0:00,24.41978714
Guatemala,1/01/2011 0:00,24.1625882
Guatemala,1/01/2012 0:00,24.31127393
Jamaica,1/01/1992 0:00,120.4243278
Jamaica,1/01/1993 0:00,118.7206035
Jamaica,1/01/1994 0:00,104.5440729
Jamaica,1/01/1995 0:00,94.88281821
Jamaica,1/01/1996 0:00,81.04479605
Jamaica,1/01/1997 0:00,82.85987995
Jamaica,1/01/1998 0:00,82.09135414
Jamaica,1/01/1999 0:00,89.52819105
Jamaica,1/01/2000 0:00,98.95067559
Jamaica,1/01/2001 0:00,118.7002776
Jamaica,1/01/2002 0:00,127.7729064
Jamaica,1/01/2003 0:00,127.4331779
Jamaica,1/01/2004 0:00,122.0081203
Jamaica,1/01/2005 0:00,121.0024317
Jamaica,1/01/2006 0:00,117.6949642
Jamaica,1/01/2007 0:00,112.9904969
Jamaica,1/01/2008 0:00,120.4172619
Mexico,1/01/1990 0:00,46.36840598
Mexico,1/01/1991 0:00,38.05888472
Mexico,1/01/1992 0:00,28.11209111
Mexico,1/01/1993 0:00,20.24467015
Mexico,1/01/1994 0:00,28.18283504
Mexico,1/01/1995 0:00,33.99552444
Mexico,1/01/1996 0:00,26.02544388
Mexico,1/01/1997 0:00,21.50245793
Mexico,1/01/1998 0:00,23.32884209
Mexico,1/01/1999 0:00,21.21942888
Mexico,1/01/2000 0:00,19.74615448
Peru,1/01/1990 0:00,194.4012442
Peru,1/01/1991 0:00,79.58108456
Peru,1/01/1992 0:00,81.93184888
Peru,1/01/1993 0:00,71.86695583
Peru,1/01/1994 0:00,57.0030918
Peru,1/01/2006 0:00,32.82873618
Peru,1/01/2007 0:00,28.52881848
Peru,1/01/2008 0:00,25.85717367
Peru,1/01/2009 0:00,26.32040628
Peru,1/01/2010 0:00,23.51761294
Peru,1/01/2011 0:00,20.86107713
Peru,1/01/2012 0:00,19.21165031
El Salvador,1/01/1998 0:00,224.5269996
El Salvador,1/01/1999 0:00,255.2079069
El Salvador,1/01/2000 0:00,245.6422573
El Salvador,1/01/2001 0:00,31.45221334
El Salvador,1/01/2002 0:00,55.2775981
El Salvador,1/01/2003 0:00,50.97263916
El Salvador,1/01/2004 0:00,49.08502773
El Salvador,1/01/2005 0:00,48.336825
El Salvador,1/01/2006 0:00,43.56655022
El Salvador,1/01/2007 0:00,41.02333246
El Salvador,1/01/2008 0:00,40.64439528
El Salvador,1/01/2009 0:00,49.5368091
El Salvador,1/01/2010 0:00,49.52073694
El Salvador,1/01/2011 0:00,47.8298624
El Salvador,1/01/2013 0:00,55.85748371
Trinidad and Tobago,1/01/1993 0:00,58.88721191
Trinidad and Tobago,1/01/1994 0:00,53.4375
Trinidad and Tobago,1/01/1995 0:00,51.51244597
Trinidad and Tobago,1/01/2006 0:00,16.8032186
Trinidad and Tobago,1/01/2007 0:00,15.92794608
Uruguay,1/01/1990 0:00,31.59596304
Uruguay,1/01/1991 0:00,24.59057576
Uruguay,1/01/1992 0:00,23.60477732
Uruguay,1/01/1993 0:00,21.87914304
Uruguay,1/01/1994 0:00,24.53018807
Uruguay,1/01/2001 0:00,40.64333486
Uruguay,1/01/2002 0:00,95.26786072
Uruguay,1/01/2003 0:00,105.6027809
Uruguay,1/01/2004 0:00,85.42559412
Uruguay,1/01/2005 0:00,76.11445971
Uruguay,1/01/2006 0:00,69.02689635
Uruguay,1/01/2007 0:00,58.51206053
Uruguay,1/01/2008 0:00,57.25268252
Uruguay,1/01/2009 0:00,49.27332921
Uruguay,1/01/2010 0:00,44.22270175
Uruguay,1/01/2011 0:00,45.35145122
Uruguay,1/01/2012 0:00,43.30253652
United Arab Emirates,1/01/2013 0:00,1.907644573
Bahrain,1/01/1990 0:00,8.727364185
Bahrain,1/01/1991 0:00,16.37955868
Bahrain,1/01/1992 0:00,21.29982087
Bahrain,1/01/1993 0:00,19.34741472
Bahrain,1/01/1994 0:00,17.88000297
Bahrain,1/01/1995 0:00,16.98645162
Bahrain,1/01/1996 0:00,15.81310272
Bahrain,1/01/1997 0:00,16.96058238
Bahrain,1/01/1998 0:00,21.16468109
Bahrain,1/01/1999 0:00,23.69150527
Bahrain,1/01/2000 0:00,25.74499129
Bahrain,1/01/2001 0:00,27.10475071
Bahrain,1/01/2002 0:00,28.26580638
Bahrain,1/01/2003 0:00,32.45333191
Bahrain,1/01/2004 0:00,29.39854314
Bahrain,1/01/2006 0:00,20.25373955
Bahrain,1/01/2007 0:00,7.545455934
Bahrain,1/01/2008 0:00,7.292633199
Bahrain,1/01/2009 0:00,15.62940229
Bahrain,1/01/2010 0:00,30.30678959
Bahrain,1/01/2011 0:00,35.60515501
Algeria,1/01/1994 0:00,68.86168253
Algeria,1/01/1995 0:00,99.56590713
Algeria,1/01/1996 0:00,85.83607411
Algeria,1/01/1997 0:00,75.05337971
Algeria,1/01/1998 0:00,74.68040522
Algeria,1/01/1999 0:00,80.49823388
Algeria,1/01/2000 0:00,62.0678041
Algeria,1/01/2001 0:00,56.96322909
Algeria,1/01/2002 0:00,47.33379019
"Egypt, Arab Rep.",1/01/2007 0:00,85.78853383
Israel,1/01/1990 0:00,156.0969912
Israel,1/01/1991 0:00,141.2620934
Israel,1/01/1992 0:00,137.8711214
Israel,1/01/1993 0:00,135.5040331
Israel,1/01/1994 0:00,125.7772377
Israel,1/01/1995 0:00,104.7768327
Israel,1/01/1996 0:00,102.9514845
Israel,1/01/1997 0:00,97.42247488
Israel,1/01/1998 0:00,98.28780939
Israel,1/01/1999 0:00,91.40808858
Jordan,1/01/1990 0:00,128.7996
Jordan,1/01/1991 0:00,129.9996619
Jordan,1/01/1992 0:00,152.59089
Jordan,1/01/1993 0:00,125.6132527
Jordan,1/01/1994 0:00,116.4190163
Jordan,1/01/1995 0:00,105.0652372
Jordan,1/01/1996 0:00,106.2211002
Jordan,1/01/1997 0:00,100.4053185
Jordan,1/01/1998 0:00,101.1936889
Jordan,1/01/1999 0:00,99.93571449
Jordan,1/01/2000 0:00,93.74272513
Jordan,1/01/2001 0:00,90.85083022
Jordan,1/01/2002 0:00,85.09264633
Jordan,1/01/2003 0:00,88.9387067
Jordan,1/01/2004 0:00,89.05454298
Jordan,1/01/2005 0:00,79.95192398
Jordan,1/01/2006 0:00,72.62512901
Jordan,1/01/2007 0:00,69.9588209
Jordan,1/01/2008 0:00,56.78487995
Jordan,1/01/2009 0:00,61.01055127
Jordan,1/01/2010 0:00,61.37345749
Jordan,1/01/2011 0:00,61.85454637
Jordan,1/01/2012 0:00,66.82352774
Lebanon,1/01/1997 0:00,96.90886639
Lebanon,1/01/1998 0:00,106.9570537
Lebanon,1/01/1999 0:00,128.6412694
Morocco,1/01/1990 0:00,91.25004506
Morocco,1/01/1991 0:00,64.61121039
Morocco,1/01/1992 0:00,74.63264263
Morocco,1/01/1993 0:00,77.85758999
Morocco,1/01/1994 0:00,72.93712446
Morocco,1/01/1995 0:00,71.79098958
Morocco,1/01/1997 0:00,67.72203477
Morocco,1/01/1998 0:00,63.91404431
Morocco,1/01/1999 0:00,64.56032161
Morocco,1/01/2002 0:00,56.46437327
Morocco,1/01/2006 0:00,57.31106423
Morocco,1/01/2007 0:00,50.93555425
Morocco,1/01/2008 0:00,45.44276564
Morocco,1/01/2009 0:00,47.50362928
Morocco,1/01/2010 0:00,50.96249924
Morocco,1/01/2011 0:00,55.62772032
Morocco,1/01/2012 0:00,58.22479806
Malta,1/01/1990 0:00,46.91169999
Malta,1/01/1991 0:00,52.9265865
Malta,1/01/1992 0:00,56.87790872
Malta,1/01/1993 0:00,66.64051712
Malta,1/01/1994 0:00,69.80526937
Malta,1/01/1995 0:00,75.29180414
Malta,1/01/1996 0:00,90.5450563
Malta,1/01/1997 0:00,109.8500658
Malta,1/01/1998 0:00,119.8762043
Malta,1/01/1999 0:00,125.4959684
Malta,1/01/2000 0:00,124.2601874
Malta,1/01/2001 0:00,133.7952314
Malta,1/01/2003 0:00,185.1302249
Malta,1/01/2004 0:00,192.8527088
Malta,1/01/2005 0:00,193.5122307
Malta,1/01/2006 0:00,178.2882919
Malta,1/01/2007 0:00,170.9141298
Malta,1/01/2008 0:00,75.84570102
Malta,1/01/2009 0:00,81.93561388
Malta,1/01/2010 0:00,82.94168669
Malta,1/01/2011 0:00,82.77014357
Malta,1/01/2012 0:00,87.13057629
Malta,1/01/2013 0:00,88.29822653
Oman,1/01/1990 0:00,19.57978143
Oman,1/01/1991 0:00,27.17391304
Oman,1/01/1992 0:00,30.21157501
Oman,1/01/1993 0:00,27.30868515
Oman,1/01/1994 0:00,29.44658064
Oman,1/01/1995 0:00,27.41045015
Oman,1/01/1996 0:00,25.98267028
Oman,1/01/1997 0:00,23.75564496
Oman,1/01/1998 0:00,28.75092368
Oman,1/01/1999 0:00,26.67802545
Oman,1/01/2003 0:00,15.68728812
Oman,1/01/2004 0:00,13.85376407
Oman,1/01/2005 0:00,8.518115639
Oman,1/01/2006 0:00,7.880079667
Oman,1/01/2007 0:00,6.185344028
Oman,1/01/2008 0:00,4.11989017
Oman,1/01/2009 0:00,5.615604156
Oman,1/01/2010 0:00,5.039117245
Tunisia,1/01/1990 0:00,54.7703801
Tunisia,1/01/1991 0:00,60.67271881
Tunisia,1/01/1992 0:00,55.49913175
Tunisia,1/01/1993 0:00,59.30982746
Tunisia,1/01/1994 0:00,59.03451416
Tunisia,1/01/1995 0:00,57.51826787
Tunisia,1/01/1996 0:00,55.29651794
Tunisia,1/01/1997 0:00,56.93532781
Tunisia,1/01/1998 0:00,54.28174403
Tunisia,1/01/1999 0:00,55.63863638
Tunisia,1/01/2000 0:00,56.72146854
Tunisia,1/01/2001 0:00,56.4676421
Tunisia,1/01/2002 0:00,55.93409399
Tunisia,1/01/2003 0:00,55.02116003
Tunisia,1/01/2004 0:00,53.83741947
Tunisia,1/01/2005 0:00,52.42052972
Tunisia,1/01/2006 0:00,48.56231847
Tunisia,1/01/2007 0:00,45.78954125
Tunisia,1/01/2008 0:00,43.29193491
Tunisia,1/01/2009 0:00,42.92979215
Tunisia,1/01/2010 0:00,40.66240794
Tunisia,1/01/2011 0:00,44.56024253
Tunisia,1/01/2012 0:00,44.57352409
North America,1/01/1990 0:00,40.82136621
North America,1/01/1991 0:00,43.94802512
North America,1/01/1992 0:00,45.91654121
North America,1/01/1993 0:00,48.10474819
North America,1/01/1994 0:00,47.21406134
North America,1/01/1995 0:00,47.05978129
North America,1/01/1996 0:00,46.58550928
North America,1/01/1997 0:00,43.95880006
North America,1/01/1998 0:00,41.00991286
North America,1/01/1999 0:00,37.61227102
North America,1/01/2000 0:00,33.15822254
North America,1/01/2001 0:00,51.99370581
North America,1/01/2002 0:00,53.5029168
North America,1/01/2003 0:00,55.96868126
North America,1/01/2004 0:00,56.38403906
North America,1/01/2005 0:00,56.28909633
North America,1/01/2006 0:00,55.29418422
North America,1/01/2007 0:00,55.63429465
North America,1/01/2008 0:00,64.03177718
North America,1/01/2009 0:00,76.31527224
North America,1/01/2010 0:00,68.44702805
North America,1/01/2011 0:00,71.02478437
North America,1/01/2012 0:00,73.21869877
North America,1/01/2013 0:00,72.50053533
North America,1/01/2014 0:00,97.15023832
Canada,1/01/2010 0:00,51.29246186
Canada,1/01/2011 0:00,51.8874427
Canada,1/01/2012 0:00,52.10858506
Canada,1/01/2013 0:00,48.84386028
United States,1/01/1990 0:00,40.82136621
United States,1/01/1991 0:00,43.94802512
United States,1/01/1992 0:00,45.91654121
United States,1/01/1993 0:00,48.10474819
United States,1/01/1994 0:00,47.21406134
United States,1/01/1995 0:00,47.05978129
United States,1/01/1996 0:00,46.58550928
United States,1/01/1997 0:00,43.95880006
United States,1/01/1998 0:00,41.00991286
United States,1/01/1999 0:00,37.61227102
United States,1/01/2000 0:00,33.15822254
United States,1/01/2001 0:00,51.99370581
United States,1/01/2002 0:00,53.5029168
United States,1/01/2003 0:00,55.96868126
United States,1/01/2004 0:00,56.38403906
United States,1/01/2005 0:00,56.28909633
United States,1/01/2006 0:00,55.29418422
United States,1/01/2007 0:00,55.63429465
United States,1/01/2008 0:00,64.03177718
United States,1/01/2009 0:00,76.31527224
United States,1/01/2010 0:00,85.60159424
United States,1/01/2011 0:00,90.16212605
United States,1/01/2012 0:00,94.32881248
United States,1/01/2013 0:00,96.15721038
United States,1/01/2014 0:00,97.15023832
South Asia,1/01/1990 0:00,65.69655708
South Asia,1/01/1991 0:00,70.64616809
South Asia,1/01/1992 0:00,68.28386324
South Asia,1/01/1993 0:00,71.55005038
South Asia,1/01/1994 0:00,66.54121
South Asia,1/01/1995 0:00,66.18364321
South Asia,1/01/1996 0:00,65.19788038
South Asia,1/01/1997 0:00,59.88242969
South Asia,1/01/1998 0:00,72.71806771
South Asia,1/01/1999 0:00,64.06810979
South Asia,1/01/2000 0:00,64.57331984
South Asia,1/01/2001 0:00,58.49491765
South Asia,1/01/2002 0:00,62.70507733
South Asia,1/01/2003 0:00,61.85321149
South Asia,1/01/2004 0:00,61.5142062
South Asia,1/01/2005 0:00,61.19467422
South Asia,1/01/2006 0:00,59.10993775
South Asia,1/01/2007 0:00,56.47807126
South Asia,1/01/2010 0:00,50.60012925
Bangladesh,1/01/2001 0:00,31.46184316
Bangladesh,1/01/2002 0:00,31.86399152
Bangladesh,1/01/2003 0:00,31.20445211
Bhutan,1/01/1990 0:00,51.18801925
Bhutan,1/01/1991 0:00,47.4653513
Bhutan,1/01/1992 0:00,45.48048856
Bhutan,1/01/1993 0:00,39.332421
Bhutan,1/01/1994 0:00,32.93920123
Bhutan,1/01/1995 0:00,27.08988149
Bhutan,1/01/1996 0:00,36.29984685
Bhutan,1/01/1997 0:00,30.74087472
Bhutan,1/01/1998 0:00,29.96926626
Bhutan,1/01/1999 0:00,34.39074131
Bhutan,1/01/2000 0:00,39.12591
Bhutan,1/01/2001 0:00,69.94740572
Bhutan,1/01/2002 0:00,56.3689652
Bhutan,1/01/2003 0:00,68.78928502
Bhutan,1/01/2004 0:00,75.23594875
Bhutan,1/01/2005 0:00,79.53391715
Bhutan,1/01/2006 0:00,74.88323694
Bhutan,1/01/2007 0:00,62.79525431
Bhutan,1/01/2008 0:00,60.41025501
Bhutan,1/01/2009 0:00,56.77631368
India,1/01/1990 0:00,49.90802016
India,1/01/1991 0:00,49.14817213
India,1/01/1992 0:00,48.82466643
India,1/01/1993 0:00,50.86774404
India,1/01/1994 0:00,48.73954062
India,1/01/1995 0:00,46.67313759
India,1/01/1996 0:00,44.93528067
India,1/01/1997 0:00,49.49740345
India,1/01/1998 0:00,49.45198205
India,1/01/1999 0:00,50.46789924
India,1/01/2000 0:00,54.05626536
India,1/01/2001 0:00,58.00075442
India,1/01/2002 0:00,61.47469368
India,1/01/2003 0:00,61.1182276
India,1/01/2004 0:00,61.5142062
India,1/01/2005 0:00,61.19467422
India,1/01/2006 0:00,59.10993775
India,1/01/2007 0:00,56.47807126
India,1/01/2008 0:00,56.11267486
India,1/01/2009 0:00,54.30595399
India,1/01/2010 0:00,50.60012925
India,1/01/2011 0:00,44.59654506
India,1/01/2012 0:00,50.31136812
Sri Lanka,1/01/1990 0:00,96.58062551
Sri Lanka,1/01/1991 0:00,98.48339578
Sri Lanka,1/01/1992 0:00,95.36191195
Sri Lanka,1/01/1993 0:00,96.7978141
Sri Lanka,1/01/1994 0:00,94.85532323
Sri Lanka,1/01/1995 0:00,94.6498206
Sri Lanka,1/01/1996 0:00,92.34398434
Sri Lanka,1/01/1997 0:00,86.10583495
Sri Lanka,1/01/1998 0:00,89.19582391
Sri Lanka,1/01/1999 0:00,95.10806862
Sri Lanka,1/01/2000 0:00,96.90405565
Sri Lanka,1/01/2001 0:00,103.2193081
Sri Lanka,1/01/2002 0:00,102.0321668
Sri Lanka,1/01/2003 0:00,102.270712
Sri Lanka,1/01/2004 0:00,102.3285367
Sri Lanka,1/01/2005 0:00,90.60491311
Sri Lanka,1/01/2006 0:00,88.69948412
Sri Lanka,1/01/2007 0:00,84.99441695
Sri Lanka,1/01/2010 0:00,71.58527907
Sri Lanka,1/01/2011 0:00,71.10806272
Sri Lanka,1/01/2012 0:00,68.71040422
Maldives,1/01/1990 0:00,30.78233776
Maldives,1/01/1991 0:00,35.57346955
Maldives,1/01/1992 0:00,41.61546381
Maldives,1/01/1993 0:00,45.55156113
Maldives,1/01/1994 0:00,44.21170024
Maldives,1/01/1995 0:00,47.35205809
Maldives,1/01/1996 0:00,43.03527636
Maldives,1/01/1997 0:00,39.67038773
Maldives,1/01/1998 0:00,40.98673597
Maldives,1/01/1999 0:00,40.12629842
Maldives,1/01/2000 0:00,40.86440999
Maldives,1/01/2001 0:00,30.73301256
Maldives,1/01/2002 0:00,33.08070824
Maldives,1/01/2003 0:00,30.60597351
Maldives,1/01/2004 0:00,27.83086099
Maldives,1/01/2005 0:00,35.24674234
Maldives,1/01/2006 0:00,31.55412737
Maldives,1/01/2007 0:00,31.22992839
Maldives,1/01/2008 0:00,32.54781636
Maldives,1/01/2009 0:00,50.00968944
Maldives,1/01/2010 0:00,61.14014697
Maldives,1/01/2011 0:00,64.89494841
Nepal,1/01/1990 0:00,52.62058095
Nepal,1/01/1991 0:00,64.91143044
Nepal,1/01/1992 0:00,61.65692299
Nepal,1/01/1993 0:00,63.68153823
Nepal,1/01/1994 0:00,66.54121
Nepal,1/01/1995 0:00,66.18364321
Nepal,1/01/1996 0:00,65.19788038
Nepal,1/01/1997 0:00,59.88242969
Nepal,1/01/1998 0:00,66.35144343
Nepal,1/01/1999 0:00,64.06810979
Nepal,1/01/2000 0:00,64.57331984
Nepal,1/01/2001 0:00,58.98908088
Nepal,1/01/2002 0:00,63.93546098
Nepal,1/01/2003 0:00,62.58819538
Nepal,1/01/2004 0:00,59.41566729
Nepal,1/01/2005 0:00,51.76462305
Nepal,1/01/2006 0:00,49.68696803
Nepal,1/01/2007 0:00,42.97866114
Nepal,1/01/2008 0:00,43.79998725
Nepal,1/01/2010 0:00,33.86252123
Pakistan,1/01/1990 0:00,78.7725332
Pakistan,1/01/1991 0:00,76.38090573
Pakistan,1/01/1992 0:00,74.91080348
Pakistan,1/01/1993 0:00,79.41856252
Pakistan,1/01/1998 0:00,79.08469198
Burundi,1/01/1991 0:00,88.79366488
Burundi,1/01/1992 0:00,103.9915799
Burundi,1/01/1993 0:00,117.6309794
Burundi,1/01/1994 0:00,117.0125899
Burundi,1/01/1995 0:00,128.9192191
Burundi,1/01/1996 0:00,144.0976815
Burundi,1/01/1997 0:00,134.2470828
Burundi,1/01/1998 0:00,151.2772114
Burundi,1/01/1999 0:00,162.5614405
Botswana,1/01/1990 0:00,11.37110325
Botswana,1/01/1991 0:00,12.11680206
Botswana,1/01/1992 0:00,12.53215057
Botswana,1/01/1993 0:00,12.44505995
Botswana,1/01/1994 0:00,12.04239764
Botswana,1/01/1995 0:00,10.97207607
Botswana,1/01/1996 0:00,11.15675555
Botswana,1/01/2010 0:00,21.63044533
Botswana,1/01/2011 0:00,19.85777622
Botswana,1/01/2012 0:00,18.71509788
Cote d'Ivoire,1/01/1995 0:00,171.0654474
Cameroon,1/01/1990 0:00,35.6686948
Cameroon,1/01/1991 0:00,48.8665342
Cameroon,1/01/1992 0:00,58.64613734
Cameroon,1/01/1993 0:00,62.00999929
Cameroon,1/01/1994 0:00,131.4417102
Cameroon,1/01/1995 0:00,127.2543717
Cameroon,1/01/1998 0:00,97.49885861
Cameroon,1/01/1999 0:00,91.66293649
"Congo, Rep.",1/01/1999 0:00,283.7452589
"Congo, Rep.",1/01/2003 0:00,0.213918151
Ethiopia,1/01/1990 0:00,48.35295692
Ethiopia,1/01/1991 0:00,50.88587876
Ethiopia,1/01/1992 0:00,44.38117357
Ethiopia,1/01/1993 0:00,73.28743449
Ethiopia,1/01/1994 0:00,92.50415494
Ethiopia,1/01/1995 0:00,82.62967636
Ethiopia,1/01/1996 0:00,72.15000936
Ethiopia,1/01/1997 0:00,69.42168706
Ethiopia,1/01/1998 0:00,77.96167911
Ethiopia,1/01/1999 0:00,85.55469792
Kenya,1/01/1998 0:00,52.80179481
Kenya,1/01/1999 0:00,52.6441123
Lesotho,1/01/1990 0:00,88.02696948
Lesotho,1/01/1996 0:00,68.67730901
Lesotho,1/01/1997 0:00,68.72539122
Lesotho,1/01/1998 0:00,73.61810155
Madagascar,1/01/1990 0:00,109.4092114
Madagascar,1/01/1991 0:00,139.9330772
Madagascar,1/01/1992 0:00,131.5496536
Madagascar,1/01/1993 0:00,125.6212378
Madagascar,1/01/1994 0:00,183.651602
Madagascar,1/01/1995 0:00,119.8095667
Madagascar,1/01/2000 0:00,111.879457
Madagascar,1/01/2001 0:00,96.76816511
Mauritius,1/01/1990 0:00,39.65035489
Mauritius,1/01/1991 0:00,39.92494197
Mauritius,1/01/1992 0:00,31.95600909
Mauritius,1/01/1993 0:00,30.22576589
Mauritius,1/01/1994 0:00,31.16254526
Mauritius,1/01/1995 0:00,32.86860709
Mauritius,1/01/1996 0:00,35.75067713
Mauritius,1/01/1997 0:00,35.82355841
Mauritius,1/01/1998 0:00,33.59505757
Mauritius,1/01/1999 0:00,31.79503457
Mauritius,1/01/2000 0:00,32.68345102
Mauritius,1/01/2001 0:00,30.70841778
Mauritius,1/01/2002 0:00,40.43561695
Mauritius,1/01/2003 0:00,46.38592095
Mauritius,1/01/2004 0:00,40.24492826
Mauritius,1/01/2005 0:00,43.05250869
Mauritius,1/01/2006 0:00,39.70830628
Mauritius,1/01/2007 0:00,36.28779887
Mauritius,1/01/2008 0:00,34.91972743
Mauritius,1/01/2009 0:00,37.77375318
Mauritius,1/01/2010 0:00,50.45840158
Mauritius,1/01/2011 0:00,50.8903412
Mauritius,1/01/2012 0:00,50.11400178
Namibia,1/01/2008 0:00,17.35966049
Namibia,1/01/2009 0:00,23.85751574
Namibia,1/01/2010 0:00,32.13539441
Namibia,1/01/2011 0:00,35.53584057
Nigeria,1/01/2003 0:00,66.43297199
Nigeria,1/01/2004 0:00,53.63040363
Nigeria,1/01/2005 0:00,28.64545093
Nigeria,1/01/2006 0:00,11.78420717
Nigeria,1/01/2007 0:00,12.40490451
Nigeria,1/01/2008 0:00,11.5287729
Nigeria,1/01/2009 0:00,15.13073182
Nigeria,1/01/2010 0:00,9.449542805
Nigeria,1/01/2011 0:00,10.23270482
Nigeria,1/01/2012 0:00,10.41933685
Rwanda,1/01/1990 0:00,49.79692027
Rwanda,1/01/1991 0:00,47.8601031
Rwanda,1/01/1992 0:00,48.42897426
Sudan,1/01/1998 0:00,7.869491684
Sudan,1/01/1999 0:00,8.658732429
Senegal,1/01/1996 0:00,85.98315434
Senegal,1/01/1997 0:00,85.14968028
Senegal,1/01/1998 0:00,82.50606494
Senegal,1/01/1999 0:00,83.61370351
Senegal,1/01/2000 0:00,73.72362858
Senegal,1/01/2001 0:00,68.85248664
Seychelles,1/01/2008 0:00,176.7900094
Seychelles,1/01/2009 0:00,100.3392015
Seychelles,1/01/2010 0:00,75.53937428
Seychelles,1/01/2011 0:00,78.84188613
Seychelles,1/01/2012 0:00,72.99265518
Uganda,1/01/1998 0:00,57.04699316
Uganda,1/01/1999 0:00,46.44624084
Uganda,1/01/2000 0:00,42.92658846
Uganda,1/01/2004 0:00,69.34236144
Uganda,1/01/2005 0:00,64.94706897
Uganda,1/01/2006 0:00,57.92774744
Uganda,1/01/2007 0:00,26.49240327
Uganda,1/01/2008 0:00,33.19319989
Uganda,1/01/2009 0:00,28.9163956
Uganda,1/01/2010 0:00,27.54933821
Uganda,1/01/2011 0:00,35.43992181
Uganda,1/01/2012 0:00,33.21179562
South Africa,1/01/1990 0:00,36.45623621
South Africa,1/01/1991 0:00,38.13874056
South Africa,1/01/1992 0:00,41.55147725
South Africa,1/01/1993 0:00,43.78399219
South Africa,1/01/1994 0:00,49.22972185
South Africa,1/01/1995 0:00,49.56587133
South Africa,1/01/1996 0:00,48.91293427
South Africa,1/01/1997 0:00,47.81341575
South Africa,1/01/1998 0:00,49.5832864
South Africa,1/01/1999 0:00,46.77290625
South Africa,1/01/2000 0:00,44.1132417
South Africa,1/01/2008 0:00,26.01847126
"Congo, Dem. Rep.",1/01/1990 0:00,289.8447271
"Congo, Dem. Rep.",1/01/1991 0:00,113.5846667
"Congo, Dem. Rep.",1/01/1992 0:00,128.4447081
"Congo, Dem. Rep.",1/01/1993 0:00,104.0021075
"Congo, Dem. Rep.",1/01/1994 0:00,169.7866114
"Congo, Dem. Rep.",1/01/1995 0:00,232.9362311
"Congo, Dem. Rep.",1/01/1996 0:00,243.5955063
"Congo, Dem. Rep.",1/01/1997 0:00,152.1870019
Zambia,1/01/1990 0:00,244.3805364
Zambia,1/01/1991 0:00,277.530308
Zambia,1/01/1992 0:00,164.7007536
Zambia,1/01/1993 0:00,161.7860769
Zambia,1/01/1994 0:00,149.2098899
Zambia,1/01/1995 0:00,155.2792246
Zambia,1/01/1996 0:00,175.9344907
Zambia,1/01/1997 0:00,150.0725489
Zambia,1/01/1998 0:00,161.2321579
Zimbabwe,1/01/1990 0:00,48.4404957
Zimbabwe,1/01/1991 0:00,54.90362397
Zimbabwe,1/01/1992 0:00,59.31437809
Zimbabwe,1/01/1993 0:00,58.97671834
Zimbabwe,1/01/1994 0:00,55.434393
Zimbabwe,1/01/1995 0:00,77.08821283
Zimbabwe,1/01/1996 0:00,62.18510601
Zimbabwe,1/01/1997 0:00,57.40679787
Caribbean small states,1/01/1992 0:00,120.4243278
Caribbean small states,1/01/1993 0:00,88.80390768
Caribbean small states,1/01/1994 0:00,78.99078647
Caribbean small states,1/01/1995 0:00,73.19763209
Caribbean small states,1/01/1996 0:00,81.04479605
Caribbean small states,1/01/1997 0:00,82.85987995
Caribbean small states,1/01/1998 0:00,82.09135414
Caribbean small states,1/01/1999 0:00,89.52819105
Caribbean small states,1/01/2000 0:00,98.95067559
Caribbean small states,1/01/2001 0:00,118.7002776
Caribbean small states,1/01/2002 0:00,127.7729064
Caribbean small states,1/01/2003 0:00,127.4331779
Caribbean small states,1/01/2004 0:00,122.0081203
Caribbean small states,1/01/2005 0:00,121.0024317
Caribbean small states,1/01/2006 0:00,67.24909138
Caribbean small states,1/01/2007 0:00,64.45922149
Caribbean small states,1/01/2008 0:00,120.4172619
Central Europe and the Baltics,1/01/1995 0:00,14.89294759
Central Europe and the Baltics,1/01/1996 0:00,12.42010366
Central Europe and the Baltics,1/01/1997 0:00,12.43012222
Central Europe and the Baltics,1/01/1998 0:00,12.3393372
Central Europe and the Baltics,1/01/1999 0:00,16.48424368
Central Europe and the Baltics,1/01/2009 0:00,39.68029317
Central Europe and the Baltics,1/01/2010 0:00,40.63814613
Central Europe and the Baltics,1/01/2011 0:00,40.75319834
Central Europe and the Baltics,1/01/2012 0:00,41.59453671
Central Europe and the Baltics,1/01/2013 0:00,49.67603577
East Asia & Pacific (developing only),1/01/1992 0:00,42.08460103
East Asia & Pacific (developing only),1/01/1993 0:00,42.88386012
East Asia & Pacific (developing only),1/01/1994 0:00,49.52725162
East Asia & Pacific (developing only),1/01/1995 0:00,39.07058506
Euro area,1/01/1998 0:00,18.00299288
Euro area,1/01/1999 0:00,21.51886759
Euro area,1/01/2010 0:00,67.45317403
Euro area,1/01/2011 0:00,70.95318146
Euro area,1/01/2012 0:00,84.41712595
Euro area,1/01/2013 0:00,88.52456693
Europe & Central Asia (all income levels),1/01/2010 0:00,46.81079637
Europe & Central Asia (all income levels),1/01/2011 0:00,47.05894198
Europe & Central Asia (all income levels),1/01/2012 0:00,50.91821882
Europe & Central Asia (all income levels),1/01/2013 0:00,63.20001406
European Union,1/01/2010 0:00,53.73123162
European Union,1/01/2011 0:00,57.60812966
European Union,1/01/2012 0:00,61.88211201
European Union,1/01/2013 0:00,83.41100192
High income,1/01/2010 0:00,51.1369718
High income,1/01/2011 0:00,53.38423747
High income,1/01/2012 0:00,67.93928495
High income,1/01/2013 0:00,65.73646097
High income: OECD,1/01/1994 0:00,47.21406134
High income: OECD,1/01/1999 0:00,37.61227102
High income: OECD,1/01/2010 0:00,53.73123162
High income: OECD,1/01/2011 0:00,62.12746662
High income: OECD,1/01/2012 0:00,68.53637215
High income: OECD,1/01/2013 0:00,75.8419549
OECD members,1/01/1993 0:00,34.5058865
OECD members,1/01/1994 0:00,44.01750695
OECD members,1/01/1996 0:00,31.9730978
OECD members,1/01/1997 0:00,33.11669468
OECD members,1/01/1998 0:00,35.22805308
OECD members,1/01/1999 0:00,34.37833844
OECD members,1/01/2010 0:00,53.61449071
OECD members,1/01/2011 0:00,61.83202185
OECD members,1/01/2012 0:00,68.23782855
OECD members,1/01/2013 0:00,68.27290787
Other small states,1/01/1990 0:00,39.65035489
