Country Name,Country Code,Indicator Name,Indicator Code,1960,1961,1962,1963,1964,1965,1966,1967,1968,1969,1970,1971,1972,1973,1974,1975,1976,1977,1978,1979,1980,1981,1982,1983,1984,1985,1986,1987,1988,1989,1990,1991,1992,1993,1994,1995,1996,1997,1998,1999,2000,2001,2002,2003,2004,2005,2006,2007,2008,2009,2010,2011,2012,2013,2014,2015
Aruba,ABW,Interest payments (% of revenue),GC.XPN.INTP.RV.ZS,,,,,,,,,,,,,,,,,,,,,,,,,,,,,,,,,,,,,,,,,,,,,,,,,,,,,,,,
Andorra,AND,Interest payments (% of revenue),GC.XPN.INTP.RV.ZS,,,,,,,,,,,,,,,,,,,,,,,,,,,,,,,,,,,,,,,,,,,,,,,,,,,,,,,,
Afghanistan,AFG,Interest payments (% of revenue),GC.XPN.INTP.RV.ZS,,,,,,,,,,,,,,,,,,,,,,,,,,,,,,,,,,,,,,,,,,,,,,,0.163824675,0.068678946,0.022743982,0.024140839,0.014240624,0.011530416,0.017191901,,,
Angola,AGO,Interest payments (% of revenue),GC.XPN.INTP.RV.ZS,,,,,,,,,,,,,,,,,,,,,,,,,,,,,,,,,,,,,,,,0.241295892,0.360712414,2.355263856,2.777038005,1.693231982,3.157054466,2.295776318,0.5494797,1.04164778,4.779529154,8.44408321,4.297753935,1.739551007,2.321400809,,,
Albania,ALB,Interest payments (% of revenue),GC.XPN.INTP.RV.ZS,,,,,,,,,,,,,,,,,,,,,,,,,,,,,,,,,,,,10.94783095,17.87537545,33.89836704,36.58553006,,,,16.45124169,17.86486673,15.48999421,,,,,,,,,,,
Arab World,ARB,Interest payments (% of revenue),GC.XPN.INTP.RV.ZS,,,,,,,,,,,,,,,,,,,,,,,,,,,,,,,,,,,,,,,11.42857143,,,,,,,7.492765109,6.783714486,5.569411006,3.696998611,3.107606155,4.235971902,,,,,
United Arab Emirates,ARE,Interest payments (% of revenue),GC.XPN.INTP.RV.ZS,,,,,,,,,,,,,,,,,,,,,,,,,,,,,,,,,,,,,,,,,,,,,,,,,,,,,,,,
Argentina,ARG,Interest payments (% of revenue),GC.XPN.INTP.RV.ZS,,,,,,,,,,,,,,,,,,,,,,,,,,,,,,,,,,,,,,,,,,,,,,,,,,,,,,,,
Armenia,ARM,Interest payments (% of revenue),GC.XPN.INTP.RV.ZS,,,,,,,,,,,,,,,,,,,,,,,,,,,,,,,,,,,,,,,,,,,,3.367489936,2.724878591,2.216470933,1.668045008,1.425527868,1.329753579,2.253608263,3.734249308,3.852300392,4.121250627,,,
American Samoa,ASM,Interest payments (% of revenue),GC.XPN.INTP.RV.ZS,,,,,,,,,,,,,,,,,,,,,,,,,,,,,,,,,,,,,,,,,,,,,,,,,,,,,,,,
Antigua and Barbuda,ATG,Interest payments (% of revenue),GC.XPN.INTP.RV.ZS,,,,,,,,,,,,,,,,,,,,,,,,,,,,,,,,,,,,,,,,,28.49949648,20.48979592,22.49644044,17.85714286,20.94854071,8.405496988,14.47116094,14.03249631,13.39425587,16.04296023,10.60628196,12.48385013,12.37240953,,,
Australia,AUS,Interest payments (% of revenue),GC.XPN.INTP.RV.ZS,,,,,,,,,,,,,,,,,,,,,,,,,,,,,,,7.447712162,6.159110249,5.981082654,5.536803124,6.395847958,,,,,7.561545425,6.093106141,5.843846521,5.360327035,4.835488748,3.982167898,3.714691191,3.622991949,3.340079595,3.254172737,3.721106077,4.506405214,5.276889191,5.763652257,5.260246521,,
Austria,AUT,Interest payments (% of revenue),GC.XPN.INTP.RV.ZS,,,,,,,,,,,,,,,,,,,,,,,,,,,,,,,10.28281268,10.75643376,10.51241025,10.70367001,10.20832042,9.202662094,8.893505543,8.17352703,8.044766185,7.711704511,7.995649496,7.471706625,7.515518132,7.101251104,6.84742502,7.265979916,7.019196676,6.804058329,6.187696683,6.772037323,8.816756522,8.414744773,8.17167877,7.665360858,,
Azerbaijan,AZE,Interest payments (% of revenue),GC.XPN.INTP.RV.ZS,,,,,,,,,,,,,,,,,,,,,,,,,,,,,,,,,,,0.208461885,0.304909009,2.507382304,2.964158248,1.953278117,2.42106023,,,,,,,,,0.165248327,0.540618517,0.198602242,0.715783965,0.398993228,,,
Burundi,BDI,Interest payments (% of revenue),GC.XPN.INTP.RV.ZS,,,,,,,,,,,,,,,,,,,,,,,,,,,,,,,,5.912165177,6.447060386,6.413998897,7.465161338,5.775467453,8.42398034,,,,,,,,,,,,,,,,,,,
Belgium,BEL,Interest payments (% of revenue),GC.XPN.INTP.RV.ZS,,,,,,,,,,,,,,,,,,,,,,,,,,,,,,,,,,,,19.42408002,18.31461027,16.56545449,15.76386442,14.70129457,14.28117851,13.83039449,12.61039587,11.77061339,10.54976969,9.673979181,9.222046635,8.882230636,8.547175683,8.395600854,11.83810463,11.42623845,11.11160678,10.17854396,,
Benin,BEN,Interest payments (% of revenue),GC.XPN.INTP.RV.ZS,,,,,,,,,,,,,,,,,,,,,,,,,,,,,,,,,,,,,,,,,,4.033864266,4.098434603,3.189316352,1.642516141,1.630255072,2.206627571,0.822269444,1.69885691,2.468440018,2.735287577,2.212623972,3.299308922,2.478206679,,
Burkina Faso,BFA,Interest payments (% of revenue),GC.XPN.INTP.RV.ZS,,,,,,,,,,,,,,,,,,,,,,,,,,,,,,,,,,,,,,,,,,,4.785660408,3.856498369,4.085552648,3.646989948,3.056408914,1.987508137,2.01242654,2.186718807,2.426014444,2.701408421,3.275506194,2.410831969,,
Bangladesh,BGD,Interest payments (% of revenue),GC.XPN.INTP.RV.ZS,,,,,,,,,,,,,,,,,,,,,,,,,,,,,,,,,,,,,,,,,,15.46260719,16.4785728,16.68044829,16.373099,16.89407012,19.08373772,20.69509708,21.81010209,21.72863302,18.30535109,15.86231646,,,,
Bulgaria,BGR,Interest payments (% of revenue),GC.XPN.INTP.RV.ZS,,,,,,,,,,,,,,,,,,,,,,,,,,,,,,,10.90942344,17.57683974,19.34413892,29.25567122,37.28930185,41.04379327,61.72098167,25.80686343,12.74675859,11.02493499,11.56255926,10.74241105,6.30696375,5.775075647,4.636774607,4.027999152,3.381444544,2.791805187,2.273439675,2.157760871,2.097806727,2.17574113,2.0851401,,,
Bahrain,BHR,Interest payments (% of revenue),GC.XPN.INTP.RV.ZS,,,,,,,,,,,,,,,,,,,,,,,,,,,,,,,3.892411983,1.800643087,2.689328744,3.079604881,3.681506849,4.100820164,3.493679775,3.323029366,5.003113971,4.957599478,4.714442491,5.548983571,3.689999094,4.53294209,3.574488057,3.717243172,4.004805619,3.235627631,2.002128792,2.930362127,4.162491612,4.061804213,,,,
"Bahamas, The",BHS,Interest payments (% of revenue),GC.XPN.INTP.RV.ZS,,,,,,,,,,,,,,,,,,,,,,,,,,,,,,,,,,,,,,,,,,,,,,,,,,,,,,,,
Bosnia and Herzegovina,BIH,Interest payments (% of revenue),GC.XPN.INTP.RV.ZS,,,,,,,,,,,,,,,,,,,,,,,,,,,,,,,,,,,,,,,,,,,,,,1.47696307,1.363830591,1.196363503,1.180641625,1.202720836,1.830106042,2.333057315,2.885437695,2.904886528,,
Belarus,BLR,Interest payments (% of revenue),GC.XPN.INTP.RV.ZS,,,,,,,,,,,,,,,,,,,,,,,,,,,,,,,,,2.033898305,2.056074766,0.660266128,0.793620313,2.094505423,2.032343518,2.488965089,2.224242797,2.875050577,2.492295926,2.044129521,1.711263132,1.486399232,1.028271237,0.906855391,0.925231948,1.373273028,2.069368365,1.754815873,2.97158312,3.778558804,,,
Belize,BLZ,Interest payments (% of revenue),GC.XPN.INTP.RV.ZS,,,,,,,,,,,,,,,,,,,,,,,,,,,,,,,4.948214791,4.77507399,5.054661054,7.07744569,8.418419726,9.853666387,9.775476745,8.231290911,7.667537423,8.603844313,11.46534228,12.75214699,14.84171638,18.15483033,37.33246159,27.57791829,27.30803662,15.01392178,13.23197063,13.37488638,13.28255495,12.20656045,7.040735574,,,
Bermuda,BMU,Interest payments (% of revenue),GC.XPN.INTP.RV.ZS,,,,,,,,,,,,,,,,,,,,,,,,,,,,,,,,,,,,,,,,,,,,,,,,,,,,,,,,
Bolivia,BOL,Interest payments (% of revenue),GC.XPN.INTP.RV.ZS,,,,,,,,,,,,,,,,,,,,,,,,,,,,,,,,,,,,,,,,,,,,,,,,,,,,,,,,
Brazil,BRA,Interest payments (% of revenue),GC.XPN.INTP.RV.ZS,,,,,,,,,,,,,,,,,,,,,,,,,,,,,,,118.4419275,39.33175785,60.60974246,76.37410805,55.15548247,,,14.54752341,23.80156746,22.86721388,18.37810129,18.34563816,15.52382732,31.78572768,20.4892109,26.74065575,28.49977123,25.63201773,24.63334864,24.36235805,21.55552182,24.08778425,21.66054068,,,
Barbados,BRB,Interest payments (% of revenue),GC.XPN.INTP.RV.ZS,,,,,,,,,,,,,,,,,,,,,,,,,,,,,,,,,,,,,,,,,,,,15.00973966,13.71668013,13.80112858,14.60758645,15.35378167,15.05568057,16.996907,20.26627588,,,,,
Brunei Darussalam,BRN,Interest payments (% of revenue),GC.XPN.INTP.RV.ZS,,,,,,,,,,,,,,,,,,,,,,,,,,,,,,,,,,,,,,,,,,,,,,,,,,,,,,,,
Bhutan,BTN,Interest payments (% of revenue),GC.XPN.INTP.RV.ZS,,,,,,,,,,,,,,,,,,,,,,,,,,,,,,,2.917078683,1.931640738,3.140173105,2.327923895,7.215026336,5.588598362,4.65954697,4.396705739,2.110610757,1.233682608,1.029762975,0.903536136,1.316576219,2.407393734,2.123747659,3.883898871,2.840101731,2.756273997,9.406088936,8.406821764,,,,,,
Botswana,BWA,Interest payments (% of revenue),GC.XPN.INTP.RV.ZS,,,,,,,,,,,,,,,,,,,,,,,,,,,,,,,1.4142337,1.507138423,1.489170663,1.492877061,1.917534663,1.695605494,1.250153876,,,,,,,,,,0.860668348,0.870662284,0.929479438,1.23605296,1.644355189,1.52834267,1.605898027,,,
Central African Republic,CAF,Interest payments (% of revenue),GC.XPN.INTP.RV.ZS,,,,,,,,,,,,,,,,,,,,,,,,,,,,,,,,,,,,,,,,,,,,,7.976722411,,,,8.447816011,7.845053798,5.950057964,5.5686168,2.94080645,,,
Canada,CAN,Interest payments (% of revenue),GC.XPN.INTP.RV.ZS,,,,,,,,,,,,,,,,,,,,,,,,,,,,,,,,,,,,,,,,,,,,,,,,,,,,,,,,
Central Europe and the Baltics,CEB,Interest payments (% of revenue),GC.XPN.INTP.RV.ZS,,,,,,,,,,,,,,,,,,,,,,,,,,,,,,,,,,2.98811545,3.574329813,3.458164469,4.870404531,3.403309605,4.224196546,5.677865175,6.516998469,6.172277541,4.857454972,4.896857767,4.518472209,4.027999152,3.381444544,2.938982558,2.786225629,4.080511917,5.911468181,6.630380324,7.584347165,,,
Switzerland,CHE,Interest payments (% of revenue),GC.XPN.INTP.RV.ZS,,,,,,,,,,,,,,,,,,,,,,,,,,,,,,,,2.647957025,3.169502245,3.039925877,3.690447256,3.560856094,3.201227124,3.344545468,3.308584244,3.491540401,3.12702686,4.459970503,4.626808099,3.984434203,3.802691015,4.159351624,4.439392046,4.194608707,3.674776942,3.291122877,5.104320356,5.158928285,4.923945972,,,
Channel Islands,CHI,Interest payments (% of revenue),GC.XPN.INTP.RV.ZS,,,,,,,,,,,,,,,,,,,,,,,,,,,,,,,,,,,,,,,,,,,,,,,,,,,,,,,,
Chile,CHL,Interest payments (% of revenue),GC.XPN.INTP.RV.ZS,,,,,,,,,,,,,,,,,,,,,,,,,,,,,,,9.42844965,9.776472981,6.209232154,5.50314807,4.390064046,3.355849967,2.50772618,1.919453202,3.025946743,1.561455046,5.645910042,5.512219597,5.549160852,5.545291175,4.371628026,3.530831495,2.686805373,2.215127616,1.921526729,2.7804159,2.096869909,2.422506811,2.742990631,,,
China,CHN,Interest payments (% of revenue),GC.XPN.INTP.RV.ZS,,,,,,,,,,,,,,,,,,,,,,,,,,,,,,,,,,,,,,,,,,,,,,,,,3.430663323,3.248708066,3.259954317,3.318777802,,,,
Cote d'Ivoire,CIV,Interest payments (% of revenue),GC.XPN.INTP.RV.ZS,,,,,,,,,,,,,,,,,,,,,,,,,,,,,,,,,,,,30.15022385,,,,,,20.57133402,19.76719905,16.86784354,13.28621443,12.22053478,8.831366896,9.67291331,9.050156752,7.806611714,9.256630659,14.32613269,10.01418826,8.028641385,,
Cameroon,CMR,Interest payments (% of revenue),GC.XPN.INTP.RV.ZS,,,,,,,,,,,,,,,,,,,,,,,,,,,,,,,7.963528378,8.488739629,7.944990018,12.91560673,27.81728523,22.96194133,,,19.50574619,19.15938487,,,,,,,,,,,,,,,,
"Congo, Rep.",COG,Interest payments (% of revenue),GC.XPN.INTP.RV.ZS,,,,,,,,,,,,,,,,,,,,,,,,,,,,,,,,,35.14908266,30.62226958,51.60450942,57.19004704,43.02797438,44.97235837,59.97451078,42.65956074,,22.67067171,26.32268581,18.088397,3.718989109,6.475960174,10.41434764,6.646665433,6.594218066,3.330719625,1.549697847,,,,,
Colombia,COL,Interest payments (% of revenue),GC.XPN.INTP.RV.ZS,,,,,,,,,,,,,,,,,,,,,,,,,,,,,,,,,,,,,,,16.70300759,19.03307482,20.62430737,,,20.61266125,,,,,13.90289785,14.85517084,12.57464218,10.88009925,9.500678037,9.974273264,,
Comoros,COM,Interest payments (% of revenue),GC.XPN.INTP.RV.ZS,,,,,,,,,,,,,,,,,,,,,,,,,,,,,,,,,,,,,,,,,,,,,,,,,,,,,,,,
Cabo Verde,CPV,Interest payments (% of revenue),GC.XPN.INTP.RV.ZS,,,,,,,,,,,,,,,,,,,,,,,,,,,,,,,,,,,,,,,,,,,,,,6.316044658,5.413961427,4.83998417,4.073200342,4.175099368,,,,,,
Costa Rica,CRI,Interest payments (% of revenue),GC.XPN.INTP.RV.ZS,,,,,,,,,,,,,,,,,,,,,,,,,,,,,,,13.42999135,17.04405589,14.69674051,12.0587282,16.20527827,21.35938246,22.64754322,18.52690972,15.69483667,18.18735445,17.08721389,17.77508271,19.01201058,18.89958154,18.34287946,18.02515421,15.93166859,12.5541496,8.637047928,8.796547347,13.2908451,13.40199699,12.63227206,15.62284113,,
Caribbean small states,CSS,Interest payments (% of revenue),GC.XPN.INTP.RV.ZS,,,,,,,,,,,,,,,,,,,,,,,,,,,,,,,,,,21.01992032,20.49599023,18.2123718,,,,,37.39449891,29.39196385,31.35500242,32.44228737,28.96563153,23.66522822,22.31322533,21.15639644,21.85246852,31.18910445,21.64701543,33.38322871,32.05419043,24.42842589,,
Cuba,CUB,Interest payments (% of revenue),GC.XPN.INTP.RV.ZS,,,,,,,,,,,,,,,,,,,,,,,,,,,,,,,,,,,,,,,,,,,,,,,,,,,,,,,,
Curacao,CUW,Interest payments (% of revenue),GC.XPN.INTP.RV.ZS,,,,,,,,,,,,,,,,,,,,,,,,,,,,,,,,,,,,,,,,,,,,,,,,,,,,,,,,
Cayman Islands,CYM,Interest payments (% of revenue),GC.XPN.INTP.RV.ZS,,,,,,,,,,,,,,,,,,,,,,,,,,,,,,,,,,,,,,,,,,,,,,,,,,,,,,,,
Cyprus,CYP,Interest payments (% of revenue),GC.XPN.INTP.RV.ZS,,,,,,,,,,,,,,,,,,,,,,,,,,,,,,,16.06489081,17.87484244,16.39274884,16.41601277,16.21505909,,,,9.551008172,9.476221067,9.810472222,9.472248491,8.985576718,9.337671253,8.611016661,8.330692173,7.708972878,6.64934829,6.411828657,6.065993496,6.702905204,7.368054665,10.19027326,11.0499964,,
Czech Republic,CZE,Interest payments (% of revenue),GC.XPN.INTP.RV.ZS,,,,,,,,,,,,,,,,,,,,,,,,,,,,,,,,,,4.609076808,3.532049294,3.160447308,2.733821005,3.269788268,3.199720184,2.761880548,2.862810224,2.421270452,1.747845101,2.115454581,3.09008612,2.356917521,3.054678334,2.938982558,3.35420324,4.080511917,3.291228208,3.779456379,3.283210816,,,
Germany,DEU,Interest payments (% of revenue),GC.XPN.INTP.RV.ZS,,,,,,,,,,,,,,,,,,,,,,,,,,,,,,,4.970627144,5.593561181,6.774942934,6.754473082,7.035318628,7.681682909,7.654880102,7.518981163,7.561824891,6.978942091,6.998603762,6.745298625,6.604404293,6.145674201,6.130150266,5.936983461,5.787058992,5.824752973,5.823346019,5.550607903,11.28213244,11.54283302,10.31924364,9.028422785,,
Djibouti,DJI,Interest payments (% of revenue),GC.XPN.INTP.RV.ZS,,,,,,,,,,,,,,,,,,,,,,,,,,,,,,,,,,,,,,,,,,,,,,,,,,,,,,,,
Dominica,DMA,Interest payments (% of revenue),GC.XPN.INTP.RV.ZS,,,,,,,,,,,,,,,,,,,,,,,,,,,,,,,,,,,,,,,,,17.73049645,17.61612621,19.38134364,18.77894737,15.36756557,9.844165716,10.39351157,7.634001083,5.889423077,3.423992229,5.373592631,6.323907455,12.32915718,,,
Denmark,DNK,Interest payments (% of revenue),GC.XPN.INTP.RV.ZS,,,,,,,,,,,,,,,,,,,,,,,,,,,,,,,15.49381131,15.40125207,13.44229662,14.52099969,14.0153298,14.41933289,13.77306087,12.55709485,11.23027379,10.24283789,9.313230156,8.646391025,8.05410908,7.207475204,6.196952413,4.791713408,4.226624263,3.526877752,3.070161369,4.345571025,4.40781033,4.481979697,4.107083892,3.854617782,,
Dominican Republic,DOM,Interest payments (% of revenue),GC.XPN.INTP.RV.ZS,,,,,,,,,,,,,,,,,,,,,,,,,,,,,,,3.844680943,6.715264238,3.508667847,7.786615106,5.786076386,5.77563803,3.783601327,3.047323463,3.189551056,3.877405607,4.492285536,4.834871834,6.567788162,9.349673801,11.66524917,7.627866916,8.374100209,6.830265322,9.687932905,12.88441514,12.90958091,14.69634498,,,,
Algeria,DZA,Interest payments (% of revenue),GC.XPN.INTP.RV.ZS,,,,,,,,,,,,,,,,,,,,,,,,,,,,,,,,,,,9.462942039,10.35238536,10.78085719,11.8036878,14.30489673,13.30168689,10.28101673,9.79741039,8.557884514,5.696522279,6.369338995,3.252198545,2.668616502,2.091109905,1.22632876,0.959940379,0.679670439,0.639418918,,,,
East Asia & Pacific (developing only),EAP,Interest payments (% of revenue),GC.XPN.INTP.RV.ZS,,,,,,,,,,,,,,,,,,,,,,,,,,,,,,,,,,,,,9.311392289,10.33189001,14.52766253,14.44826336,,,11.57769955,8.610098138,,,6.181069516,,4.688114121,3.248708066,5.004311661,4.817109999,6.345271038,,,
East Asia & Pacific (all income levels),EAS,Interest payments (% of revenue),GC.XPN.INTP.RV.ZS,,,,,,,,,,,,,,,,,,,,,,,,,,,,,,,,,,,,,,,,,,,5.165630395,4.835488748,4.842466189,,3.851401031,3.340079595,3.34241803,3.237926486,3.893058368,4.417668812,4.697727944,,,
Europe & Central Asia (developing only),ECA,Interest payments (% of revenue),GC.XPN.INTP.RV.ZS,,,,,,,,,,,,,,,,,,,,,,,,,,,,,,,,,,,,,,12.51642448,13.23080455,9.935476747,,,,5.494140092,4.577623408,,2.565863282,1.869934603,1.787300537,2.253608263,2.889659813,3.533103609,3.740633748,,,
Europe & Central Asia (all income levels),ECS,Interest payments (% of revenue),GC.XPN.INTP.RV.ZS,,,,,,,,,,,,,,,,,,,,,,,,,,,,,,,,,,,8.11035982,9.202662094,9.107730409,9.342409032,9.232097996,8.07761063,7.610303254,6.815021805,6.478167392,5.719965972,5.041851657,4.159351624,3.919492132,3.16524357,3.265155103,3.997431523,5.197562369,5.166617062,5.149813861,9.028728336,,
Ecuador,ECU,Interest payments (% of revenue),GC.XPN.INTP.RV.ZS,,,,,,,,,,,,,,,,,,,,,,,,,,,,,,,18.52348993,20.92291557,23.12661499,22.26035232,21.76491106,,,,,,,,,,,,,,,,,,,,,
"Egypt, Arab Rep.",EGY,Interest payments (% of revenue),GC.XPN.INTP.RV.ZS,,,,,,,,,,,,,,,,,,,,,,,,,,,,,,,15.99523546,16.38476328,18.02481797,23.43223961,24.70438124,20.45709901,23.67884678,21.90893368,,,,,21.12936965,21.76130162,22.19775256,22.42323844,19.78719994,18.65618372,16.45929819,15.16406822,20.50238913,25.28465258,26.77282043,,,
Euro area,EMU,Interest payments (% of revenue),GC.XPN.INTP.RV.ZS,,,,,,,,,,,,,,,,,,,,,,,,,,,,,,,9.653176815,7.388052375,8.154580256,9.784587405,8.545334984,8.784887331,9.000617976,8.17352703,7.979381909,7.031222554,6.998603762,6.541876452,6.103410386,5.97202696,5.767992001,5.424762903,5.520615677,5.063355472,5.144105649,5.41535824,8.816756522,8.918751549,10.31924364,10.42147132,,
Eritrea,ERI,Interest payments (% of revenue),GC.XPN.INTP.RV.ZS,,,,,,,,,,,,,,,,,,,,,,,,,,,,,,,,,,,,,,,,,,,,,,,,,,,,,,,,
Spain,ESP,Interest payments (% of revenue),GC.XPN.INTP.RV.ZS,,,,,,,,,,,,,,,,,,,,,,,,,,,,,,,9.653176815,10.63399657,11.02334841,13.50816379,14.67317583,,13.7894453,,,,,,,,,,,,,,10.89956411,12.99523165,14.84084055,17.20896031,,
Estonia,EST,Interest payments (% of revenue),GC.XPN.INTP.RV.ZS,,,,,,,,,,,,,,,,,,,,,,,,,,,,,,,,0.216169317,,,,1.266832958,1.067353724,0.551275239,0.934579476,0.522428401,0.565382013,0.451392175,0.51907392,0.467272809,0.486292428,0.41613411,0.325911134,0.256928248,0.266228167,0.216491313,0.216534087,0.223034114,0.332778702,0.344266282,,
Ethiopia,ETH,Interest payments (% of revenue),GC.XPN.INTP.RV.ZS,,,,,,,,,,,,,,,,,,,,,,,,,,,,,,,7.210031348,9.657534247,13.32437237,15.5289503,20.6384126,12.98986957,12.25969446,10.4209623,9.822520084,10.32727947,,9.769259567,10.09104267,8.749483756,6.864719705,6.524998829,17.79064229,14.38397955,4.289628399,2.898071164,2.612860391,2.587565052,,,,
European Union,EUU,Interest payments (% of revenue),GC.XPN.INTP.RV.ZS,,,,,,,,,,,,,,,,,,,,,,,,,,,,,,,9.967994746,7.489635925,9.534217577,9.364685892,9.913705178,9.717594539,9.726655726,9.570032031,9.167126568,7.89465757,7.285387218,6.643587539,6.455684021,5.747520809,5.501097696,5.092079629,5.37587282,4.511954297,4.134063007,4.829476478,8.031076728,8.63472672,9.068441036,9.603788925,,
Fragile and conflict affected situations,FCS,Interest payments (% of revenue),GC.XPN.INTP.RV.ZS,,,,,,,,,,,,,,,,,,,,,,,,,,,,,,,,,,,,,,,,,,,,,,,,,,,,,,,,
Finland,FIN,Interest payments (% of revenue),GC.XPN.INTP.RV.ZS,,,,,,,,,,,,,,,,,,,,,,,,,,,,,,,2.881298033,3.654930071,5.159939024,10.85185178,12.7414529,8.367112568,9.107730409,9.333733059,7.979381909,6.945038637,6.13144712,6.05237822,4.698197647,4.261081991,3.989644757,3.787740287,3.394146967,3.143740632,3.024136076,3.176813348,5.290804381,5.078093647,5.184320399,4.533058596,,
Fiji,FJI,Interest payments (% of revenue),GC.XPN.INTP.RV.ZS,,,,,,,,,,,,,,,,,,,,,,,,,,,,,,,12.70916039,13.45784502,11.5970264,11.07145628,10.56671283,12.35860087,11.40349687,,,,,,,,10.12056757,10.47137111,10.30366262,,,,,,,,,
France,FRA,Interest payments (% of revenue),GC.XPN.INTP.RV.ZS,,,,,,,,,,,,,,,,,,,,,,,,,,,,,,,5.218269591,5.422477753,6.143049541,6.794454725,7.156283927,6.543823034,6.642529071,6.713115336,6.605740584,6.046418315,5.990998674,5.988670472,6.103410386,5.97202696,5.88748073,5.757446177,5.430792695,5.614756648,5.935315406,5.280108577,11.42250375,12.99612562,12.46796483,10.66439868,,
Faroe Islands,FRO,Interest payments (% of revenue),GC.XPN.INTP.RV.ZS,,,,,,,,,,,,,,,,,,,,,,,,,,,,,,,,,,,,,,,,,,,,,,,,,,,,,,,,
"Micronesia, Fed. Sts.",FSM,Interest payments (% of revenue),GC.XPN.INTP.RV.ZS,,,,,,,,,,,,,,,,,,,,,,,,,,,,,,,,,,,,,,,,,,,,,,,,,,,,,,,,
Gabon,GAB,Interest payments (% of revenue),GC.XPN.INTP.RV.ZS,,,,,,,,,,,,,,,,,,,,,,,,,,,,,,,,,,,,,,,,,,,,,,,,,,,,,,,,
United Kingdom,GBR,Interest payments (% of revenue),GC.XPN.INTP.RV.ZS,,,,,,,,,,,,,,,,,,,,,,,,,,,,,,,8.924506191,7.489635925,7.602639383,8.3916056,9.064435713,9.717594539,9.726655726,9.788979058,9.249132436,7.555049217,7.088870482,6.081426955,5.451718148,5.381519044,5.310901161,5.541271634,5.486666577,6.024351089,5.818537385,5.341349959,8.139914525,8.854708667,8.006229784,7.900164808,,
Georgia,GEO,Interest payments (% of revenue),GC.XPN.INTP.RV.ZS,,,,,,,,,,,,,,,,,,,,,,,,,,,,,,,,,,,,,,12.0862069,22.27826087,21.13798009,26.52296157,15.53424287,18.27581911,18.05421622,8.217438975,5.427022142,3.05165032,2.26849264,2.162132773,3.400447427,3.701927511,4.424931129,3.517894081,,,
Ghana,GHA,Interest payments (% of revenue),GC.XPN.INTP.RV.ZS,,,,,,,,,,,,,,,,,,,,,,,,,,,,,,,10.21913647,10.96410834,16.65620034,18.61034783,,,,,,,,29.27634927,29.04758875,22.14778202,13.91833701,12.06981541,12.0284374,9.614324753,12.0537136,15.17525114,16.24768922,12.45619535,,,,
Guinea,GIN,Interest payments (% of revenue),GC.XPN.INTP.RV.ZS,,,,,,,,,,,,,,,,,,,,,,,,,,,,,,,,,,,,,,,24.70699533,23.2465937,,,,,,,,,,,,,,,,
"Gambia, The",GMB,Interest payments (% of revenue),GC.XPN.INTP.RV.ZS,,,,,,,,,,,,,,,,,,,,,,,,,,,,,,,14.29640252,,,,,,,,,,,,,,,,,,,,,,,,,
Guinea-Bissau,GNB,Interest payments (% of revenue),GC.XPN.INTP.RV.ZS,,,,,,,,,,,,,,,,,,,,,,,,,,,,,,,,,,,,,,,,,,,,,,,,,,,,,,,,
Equatorial Guinea,GNQ,Interest payments (% of revenue),GC.XPN.INTP.RV.ZS,,,,,,,,,,,,,,,,,,,,,,,,,,,,,,,,,,,,,,,,,,,,,,,,0.033094711,0.053444097,0.026181471,,,,,,
Greece,GRC,Interest payments (% of revenue),GC.XPN.INTP.RV.ZS,,,,,,,,,,,,,,,,,,,,,,,,,,,,,,,35.08650454,,,,,31.22471902,28.6166746,24.33331855,20.5033134,18.2222662,17.51037915,16.06387233,14.1249264,13.0410937,12.99989897,12.2152708,11.80962767,11.61764806,12.35435187,13.23644549,20.15778196,22.66171724,15.12217985,11.34345766,,
Grenada,GRD,Interest payments (% of revenue),GC.XPN.INTP.RV.ZS,,,,,,,,,,,,,,,,,,,,,,,,,,,,,,,,,,,,,,,,8.016730568,7.217417238,8.506097561,16.38721923,16.48380355,18.33503575,5.343071305,5.909924598,7.361142092,6.762255377,10.51044084,9.235395189,10.621655,16.47269472,,,
Greenland,GRL,Interest payments (% of revenue),GC.XPN.INTP.RV.ZS,,,,,,,,,,,,,,,,,,,,,,,,,,,,,,,,,,,,,,,,,,,,,,,,,,,,,,,,
Guatemala,GTM,Interest payments (% of revenue),GC.XPN.INTP.RV.ZS,,,,,,,,,,,,,,,,,,,,,,,,,,,,,,,13.94444883,17.60793223,9.261987783,10.05952433,11.54849897,11.15621833,11.47809102,7.521230529,10.60834839,10.79909685,10.75425675,11.60538917,10.57894079,10.17509167,10.89018702,11.58379767,10.74890473,11.42938114,11.17627644,12.64532348,12.9572509,12.48050166,12.9040474,,,
Guam,GUM,Interest payments (% of revenue),GC.XPN.INTP.RV.ZS,,,,,,,,,,,,,,,,,,,,,,,,,,,,,,,,,,,,,,,,,,,,,,,,,,,,,,,,
Guyana,GUY,Interest payments (% of revenue),GC.XPN.INTP.RV.ZS,,,,,,,,,,,,,,,,,,,,,,,,,,,,,,,,,,,,,,,,,,,,,,,,,,,,,,,,
High income,HIC,Interest payments (% of revenue),GC.XPN.INTP.RV.ZS,,,,,,,,,,,,,,,,,,,,,,,,,,,,,,,9.42844965,7.414205804,7.500711264,7.323840818,7.156283927,8.367112568,8.274192823,7.518981163,7.681245899,7.374866234,7.043737122,6.333510943,6.084157792,5.545291175,5.151276219,4.941896519,4.462995966,4.194608707,3.981209533,4.692504499,6.204297421,6.742943995,7.745891601,9.029033886,,
"Hong Kong SAR, China",HKG,Interest payments (% of revenue),GC.XPN.INTP.RV.ZS,,,,,,,,,,,,,,,,,,,,,,,,,,,,,,,,,,,,,,,,,,,0.026242312,0.017129657,0.305025216,0.390822376,0.339935532,0.275633958,0.272791414,0.260279401,,,,,,
Honduras,HND,Interest payments (% of revenue),GC.XPN.INTP.RV.ZS,,,,,,,,,,,,,,,,,,,,,,,,,,,,,,,,,,,,,,,,,,,,6.88306064,6.267234261,5.644545886,3.870304356,2.595133043,2.495599889,2.89511003,4.179940565,5.958370055,7.505260355,10.02000534,,
Heavily indebted poor countries (HIPC),HPC,Interest payments (% of revenue),GC.XPN.INTP.RV.ZS,,,,,,,,,,,,,,,,,,,,,,,,,,,,,,,,,,,,,,,,,,,,,,,,,,3.473393674,4.238227177,4.38717242,,,,
Croatia,HRV,Interest payments (% of revenue),GC.XPN.INTP.RV.ZS,,,,,,,,,,,,,,,,,,,,,,,,,,,,,,,,0.412087912,6.942689604,2.704358375,3.112670566,3.292388053,2.61921382,3.403309605,3.225557376,3.644203134,4.347552536,4.978315314,4.857454972,4.896857767,4.991651277,5.402062123,5.37587282,4.816291253,4.08290777,4.829476478,5.911468181,6.742943995,7.719446727,,,
Haiti,HTI,Interest payments (% of revenue),GC.XPN.INTP.RV.ZS,,,,,,,,,,,,,,,,,,,,,,,,,,,,,,,,,,,,,,,,,,,,,,,,,,,,,,,,
Hungary,HUN,Interest payments (% of revenue),GC.XPN.INTP.RV.ZS,,,,,,,,,,,,,,,,,,,,,,,,,,,,,,,5.687675359,7.338775684,11.39176675,9.364685892,13.96909656,20.49697579,21.65286524,22.00131395,18.77596585,17.81287664,13.82246775,12.43390283,10.84168485,10.93116816,11.75359567,11.2006062,10.47164237,10.09759607,9.55999096,10.58355998,13.70341312,14.4736192,14.52394606,14.07147842,,
Indonesia,IDN,Interest payments (% of revenue),GC.XPN.INTP.RV.ZS,,,,,,,,,,,,,,,,,,,,,,,,,,,,,,,12.71546277,10.7556289,10.63421858,11.26460457,10.89100358,8.866835796,7.117146053,9.501649982,19.86514272,21.60501442,,,25.52539611,18.70868981,14.80991076,,,,,,8.882448726,7.704497029,7.512499105,,,
Isle of Man,IMN,Interest payments (% of revenue),GC.XPN.INTP.RV.ZS,,,,,,,,,,,,,,,,,,,,,,,,,,,,,,,,,,,,,,,,,,,,,,,,,,,,,,,,
India,IND,Interest payments (% of revenue),GC.XPN.INTP.RV.ZS,,,,,,,,,,,,,,,,,,,,,,,,,,,,,,,27.63914483,28.92360829,29.49985786,33.97427057,33.63761766,31.88935352,32.15118883,32.94177155,37.40530932,37.15798613,38.91241532,40.93629059,39.46951335,36.05854227,31.90673024,28.57095349,25.63898016,23.37026402,26.53850237,28.46290689,22.82585538,22.82585538,24.90876443,,,
Not classified,INX,Interest payments (% of revenue),GC.XPN.INTP.RV.ZS,,,,,,,,,,,,,,,,,,,,,,,,,,,,,,,,,,,,,,,,,,,,,,,,,,,,,,,,
Ireland,IRL,Interest payments (% of revenue),GC.XPN.INTP.RV.ZS,,,,,,,,,,,,,,,,,,,,,,,,,,,,,,,22.18695699,20.6523846,19.06276847,17.85616172,16.35117793,14.50715583,12.40237878,10.64808493,9.906089916,7.031222554,5.799397019,4.567343206,4.293006792,3.890520672,3.429564718,3.150699581,2.910376854,3.003948951,3.981209533,6.476822139,9.477848408,10.92974867,12.88086238,13.34400492,,
"Iran, Islamic Rep.",IRN,Interest payments (% of revenue),GC.XPN.INTP.RV.ZS,,,,,,,,,,,,,,,,,,,,,,,,,,,,,,,0.045337766,0.035790981,0.024437928,0.068399453,0.061385371,0.015589506,0.019432254,0.127788957,0.759320041,5.43E-05,5.52E-05,7.10E-05,0.710168341,0.733380642,0.680892105,0.679298112,0.745294114,0.837113485,0.775860732,0.565727792,,,,,,
Iraq,IRQ,Interest payments (% of revenue),GC.XPN.INTP.RV.ZS,,,,,,,,,,,,,,,,,,,,,,,,,,,,,,,,,,,,,,,,,,,,,,,,,,,,,,,,
Iceland,ISL,Interest payments (% of revenue),GC.XPN.INTP.RV.ZS,,,,,,,,,,,,,,,,,,,,,,,,,,,,,,,10.60047998,11.11783966,10.57264757,11.19971382,11.43247058,12.21387315,10.54290095,10.1364611,10.15707897,9.41803804,8.631565674,8.9769545,7.876791903,7.023233468,6.016895419,5.034856022,4.890028271,6.10408343,8.610684577,20.65283307,16.47860176,15.24273334,15.85807436,14.14372957,,
Israel,ISR,Interest payments (% of revenue),GC.XPN.INTP.RV.ZS,,,,,,,,,,,,,,,,,,,,,,,,,,,,,,,19.54296846,19.31582061,16.15194424,16.1153338,15.18147786,14.83055259,13.71344552,12.50487055,13.2499173,12.37426781,18.66611068,17.87719762,18.00177972,18.8965578,18.42649274,18.43219477,14.72287053,13.61290264,13.13183336,13.56650817,14.37021618,13.70751109,14.69613539,12.93229384,,
Italy,ITA,Interest payments (% of revenue),GC.XPN.INTP.RV.ZS,,,,,,,,,,,,,,,,,,,,,,,,,,,,,,,,,,,,27.49522165,27.06698072,21.70032699,20.52704,16.49063263,16.63420163,16.39596145,14.98157545,13.69856335,13.10660502,12.88069512,11.98072761,12.26592354,12.63806172,11.1084871,16.82198955,18.30345899,19.49596604,18.08819953,,
Jamaica,JAM,Interest payments (% of revenue),GC.XPN.INTP.RV.ZS,,,,,,,,,,,,,,,,,,,,,,,,,,,,,,,,,,,,,,,,,37.39449891,42.83375901,46.26530857,50.67085622,46.9781007,39.09607714,38.54056407,35.8414583,38.67620311,53.96496753,36.22064201,33.38322871,32.05419043,24.42842589,,
Jordan,JOR,Interest payments (% of revenue),GC.XPN.INTP.RV.ZS,,,,,,,,,,,,,,,,,,,,,,,,,,,,,,,20.34391933,18.18824337,12.4987965,9.511740531,8.18206975,8.765556055,9.684771423,13.24261424,11.839752,11.28396334,11.99158083,11.49218239,9.091470538,7.221561901,5.848366985,6.759138381,7.667361393,8.080070502,7.973155496,8.674688136,8.525103481,7.933282846,11.5347328,,,
Japan,JPN,Interest payments (% of revenue),GC.XPN.INTP.RV.ZS,,,,,,,,,,,,,,,,,,,,,,,,,,,,,,,,,,,,,,,,,,,,,,,,,,,,,,,,
Kazakhstan,KAZ,Interest payments (% of revenue),GC.XPN.INTP.RV.ZS,,,,,,,,,,,,,,,,,,,,,,,,,,,,,,,,,,,,,,3.819298981,6.659808722,10.08012504,9.969375029,8.134986662,6.986959427,4.902816606,3.57037479,,,,,,,,,,,
Kenya,KEN,Interest payments (% of revenue),GC.XPN.INTP.RV.ZS,,,,,,,,,,,,,,,,,,,,,,,,,,,,,,,,21.90085254,25.01970121,24.83191749,38.41263274,51.63553385,27.84399553,26.95374371,21.50730297,21.70204091,15.15103818,11.18160854,12.73308391,17.95605427,10.2404569,8.919655876,9.895448733,10.8619595,11.27429776,10.44251308,10.3513793,10.71395167,11.05308074,,,
Kyrgyz Republic,KGZ,Interest payments (% of revenue),GC.XPN.INTP.RV.ZS,,,,,,,,,,,,,,,,,,,,,,,,,,,,,,,,,,,,7.707157166,4.036912021,7.859736445,9.863177256,9.282788985,9.535008667,8.375994424,,,,,4.873501907,2.59880225,3.265155103,3.317189481,3.534949552,3.948664889,3.740633748,,,
Cambodia,KHM,Interest payments (% of revenue),GC.XPN.INTP.RV.ZS,,,,,,,,,,,,,,,,,,,,,,,,,,,,,,,,,,,,,,,,,,,1.165860709,1.604659703,1.945942246,1.762141264,1.470601592,1.491597261,1.226850704,1.321292081,1.406546914,1.768274953,1.826501614,1.908569454,1.828185141,
Kiribati,KIR,Interest payments (% of revenue),GC.XPN.INTP.RV.ZS,,,,,,,,,,,,,,,,,,,,,,,,,,,,,,,,,,,,,,,,,,,,,,,,,,,,,,,,
St. Kitts and Nevis,KNA,Interest payments (% of revenue),GC.XPN.INTP.RV.ZS,,,,,,,,,,,,,,,,,,,,,,,,,,,,,,,11.7264449,13.61465744,12.1222557,10.10116493,7.92962939,,,,,,16.21621622,18.09392265,20.43372022,22.7480916,22.08987547,20.55793991,21.06075217,21.2855831,22.46148459,20.4007286,23.31790673,17.51357372,14.04501143,,,
"Korea, Rep.",KOR,Interest payments (% of revenue),GC.XPN.INTP.RV.ZS,,,,,,,,,,,,,,,,,,,,,,,,,,,,,,,4.027830972,3.46333593,3.487287147,2.416069673,3.064043533,2.741949141,2.367092117,2.488428477,3.564415196,5.550454655,5.115807091,5.073676663,4.404042059,3.922079734,4.970066421,5.353721898,5.895697002,5.696353477,5.821347441,4.692504499,5.036718716,5.068163438,,,,
Kosovo,KSV,Interest payments (% of revenue),GC.XPN.INTP.RV.ZS,,,,,,,,,,,,,,,,,,,,,,,,,,,,,,,,,,,,,,,,,,,,,,,,,,,,,,,,
Kuwait,KWT,Interest payments (% of revenue),GC.XPN.INTP.RV.ZS,,,,,,,,,,,,,,,,,,,,,,,,,,,,,,,,,,14.24790472,16.38506876,5.961152043,5.997001499,3.604678921,3.87283237,,,,,,,,,,,,,,,,,
Latin America & Caribbean (developing only),LAC,Interest payments (% of revenue),GC.XPN.INTP.RV.ZS,,,,,,,,,,,,,,,,,,,,,,,,,,,,,,,13.94444883,17.60793223,14.69674051,14.33076313,16.20527827,,,,15.81344305,15.53364078,13.95980854,13.73303409,,14.05015039,11.94908319,11.07370738,10.10784485,9.784225032,9.687932905,12.30052522,12.90958091,12.48050166,11.04915182,,,
Lao PDR,LAO,Interest payments (% of revenue),GC.XPN.INTP.RV.ZS,,,,,,,,,,,,,,,,,,,,,,,,,,,,,,,,,,,,,,,,,,,,,,,5.208606251,3.074085214,4.688114121,3.227144907,3.279711522,3.133543087,3.301464527,,,
Lebanon,LBN,Interest payments (% of revenue),GC.XPN.INTP.RV.ZS,,,,,,,,,,,,,,,,,,,,,,,,,,,,,,,,,,,,,,91.02780229,75.34662303,74.25879591,95.50052531,96.04206735,81.0729047,79.95857915,56.02759674,49.74595197,55.71839012,55.95693697,50.13873343,48.69981612,50.5047662,42.95817962,41.23185856,43.66355995,,
Liberia,LBR,Interest payments (% of revenue),GC.XPN.INTP.RV.ZS,,,,,,,,,,,,,,,,,,,,,,,,,,,,,,,,,,,,,,,,,,,,,,,,,,,,,,,,
Libya,LBY,Interest payments (% of revenue),GC.XPN.INTP.RV.ZS,,,,,,,,,,,,,,,,,,,,,,,,,,,,,,,,,,,,,,,,,,,,,,,,,,,,,,,,
St. Lucia,LCA,Interest payments (% of revenue),GC.XPN.INTP.RV.ZS,,,,,,,,,,,,,,,,,,,,,,,,,,,,,,,,,,,,,,,,,5.593561368,8.873423227,9.172774869,10.066719,11.38076852,12.04611943,12.15053763,11.37926196,9.776780147,11.27008032,11.04367488,11.77023376,14.78104379,,,
Latin America & Caribbean (all income levels),LCN,Interest payments (% of revenue),GC.XPN.INTP.RV.ZS,,,,,,,,,,,,,,,,,,,,,,,,,,,,,,,13.59476287,15.41591464,13.23312471,14.33076313,16.20527827,,,,14.03679381,13.03947151,12.75537691,13.35475469,13.77030724,14.95200292,11.94908319,10.48378736,9.466784964,8.741263956,9.162490416,9.064021296,10.26198017,10.88009925,8.623284819,,,
Least developed countries: UN classification,LDC,Interest payments (% of revenue),GC.XPN.INTP.RV.ZS,,,,,,,,,,,,,,,,,,,,,,,,,,,,,,,,,,,,,,,,,,,,,,,,,,,3.788112655,,,,,
Low income,LIC,Interest payments (% of revenue),GC.XPN.INTP.RV.ZS,,,,,,,,,,,,,,,,,,,,,,,,,,,,,,,,,,,,,,,,,,,,,,,,,,,2.735287577,,,,,
Liechtenstein,LIE,Interest payments (% of revenue),GC.XPN.INTP.RV.ZS,,,,,,,,,,,,,,,,,,,,,,,,,,,,,,,,,,,,,,,,,,,,,,,,,,,,,,,,
Sri Lanka,LKA,Interest payments (% of revenue),GC.XPN.INTP.RV.ZS,,,,,,,,,,,,,,,,,,,,,,,,,,,,,,,27.80498305,26.18479898,27.5810739,27.17383135,32.1492878,26.3277521,31.77148275,32.09961187,30.13641479,30.65440944,32.90370583,39.34556863,43.63890366,44.02496693,37.426378,29.14308998,29.74562428,30.70196668,30.95133004,42.68061072,42.2675705,37.57127725,38.29566103,,,
Lower middle income,LMC,Interest payments (% of revenue),GC.XPN.INTP.RV.ZS,,,,,,,,,,,,,,,,,,,,,,,,,,,,,,,,,,,,,,,16.3975642,15.45727244,,14.26532626,17.37719596,16.86784354,10.89018702,10.26955359,8.387295096,6.924494948,7.822187409,7.079507845,8.951890807,7.704497029,7.50887973,,,
Low & middle income,LMY,Interest payments (% of revenue),GC.XPN.INTP.RV.ZS,,,,,,,,,,,,,,,,,,,,,,,,,,,,,,,,,,,,,,,,,,,,10.17509167,9.316641232,7.6597127,7.323054715,6.159844354,4.76231449,4.660212273,4.615617359,5.449814831,5.459944592,,,
Lesotho,LSO,Interest payments (% of revenue),GC.XPN.INTP.RV.ZS,,,,,,,,,,,,,,,,,,,,,,,,,,,,,,,10.80123694,8.720603186,5.092201159,,3.12243221,3.2025967,2.962466488,3.709198813,5.611108685,7.514545604,9.9511263,6.828563751,6.595616932,5.933960231,3.487362718,4.769642352,4.687171131,4.014559442,1.333543577,,,,,,,
Lithuania,LTU,Interest payments (% of revenue),GC.XPN.INTP.RV.ZS,,,,,,,,,,,,,,,,,,,,,,,,,,,,,,,,,,0.015363933,0.460864124,1.778621162,4.100610537,3.260536447,4.224196546,5.677865175,6.516998469,6.172277541,4.756389761,4.422179299,3.389253029,2.706939684,2.38343003,2.176694303,2.018287918,3.852681836,8.658495442,8.918751549,9.965203302,9.029033886,,
Luxembourg,LUX,Interest payments (% of revenue),GC.XPN.INTP.RV.ZS,,,,,,,,,,,,,,,,,,,,,,,,,,,,,,,0.543631069,0.377636641,0.2484183,0.423785327,0.394722996,0.348747332,0.414334965,0.499035483,,0.56667237,0.430959153,0.653043242,0.583746344,0.385707169,0.308104152,0.266349467,0.305442283,0.409282041,0.599463822,0.807643464,0.901926266,1.107711378,1.104876768,,,
Latvia,LVA,Interest payments (% of revenue),GC.XPN.INTP.RV.ZS,,,,,,,,,,,,,,,,,,,,,,,,,,,,,,,,,,,1.662916206,3.623940885,5.581019783,2.986621624,2.205797436,2.258531106,3.573885879,3.627886158,2.893613126,2.739726027,2.431315342,1.895536562,1.620853367,1.085308781,1.267726687,3.677799101,4.500075859,4.536964001,4.466892895,,,
"Macao SAR, China",MAC,Interest payments (% of revenue),GC.XPN.INTP.RV.ZS,,,,,,,,,,,,,,,,,,,,,,,,,,,,,,,,,,,,,0.043354595,0.001781886,0.011660616,,,,,,,,,,,,,,,,,
St. Martin (French part),MAF,Interest payments (% of revenue),GC.XPN.INTP.RV.ZS,,,,,,,,,,,,,,,,,,,,,,,,,,,,,,,,,,,,,,,,,,,,,,,,,,,,,,,,
Morocco,MAR,Interest payments (% of revenue),GC.XPN.INTP.RV.ZS,,,,,,,,,,,,,,,,,,,,,,,,,,,,,,,17.62079327,19.71627321,18.38714341,19.50159596,20.19154136,21.24825309,,18.5648891,17.47768136,16.50200989,,,9.55776246,8.968878345,8.295963247,7.492765109,5.498799779,5.569411006,3.696998611,3.107606155,4.309452193,3.736885791,4.517438328,,,
Monaco,MCO,Interest payments (% of revenue),GC.XPN.INTP.RV.ZS,,,,,,,,,,,,,,,,,,,,,,,,,,,,,,,,,,,,,,,,,,,,,,,,,,,,,,,,
Moldova,MDA,Interest payments (% of revenue),GC.XPN.INTP.RV.ZS,,,,,,,,,,,,,,,,,,,,,,,,,,,,,,,,,,,,13.94567036,10.54078342,12.94664207,14.76923077,27.55982062,23.24315708,17.76371496,8.587624497,7.855709793,8.245035586,3.779602198,2.790037626,3.16524357,3.185984494,3.997431523,2.22103248,2.466368548,2.293289101,,,
Madagascar,MDG,Interest payments (% of revenue),GC.XPN.INTP.RV.ZS,,,,,,,,,,,,,,,,,,,,,,,,,,,,,,,9.384283543,18.79016974,25.47169852,30.08149085,47.47104413,44.61957706,36.31493236,8.645556947,,,9.276373077,7.813623361,12.60103608,10.9579585,14.45434847,15.82101952,11.22276074,6.982588075,3.907665061,6.975098445,6.153486982,5.848504231,,,,
Maldives,MDV,Interest payments (% of revenue),GC.XPN.INTP.RV.ZS,,,,,,,,,,,,,,,,,,,,,,,,,,,,,,,2.315672471,2.708149641,2.577010668,3.37911489,4.911144183,5.444839858,5.177372963,4.785188441,4.232145636,4.443343988,4.492294701,4.648842777,5.036157025,4.417723173,4.071680376,3.383647524,3.256507281,3.109612858,3.776536916,10.80074813,10.40076336,7.745879611,,,,
Middle East & North Africa (all income levels),MEA,Interest payments (% of revenue),GC.XPN.INTP.RV.ZS,,,,,,,,,,,,,,,,,,,,,,,,,,,,,,,,,,,10.24429409,10.35238536,,12.71952177,11.63416171,11.56759143,,,9.324616499,8.095220123,7.332651121,7.492765109,6.783714486,5.569411006,3.696998611,3.107606155,4.309452193,4.82216595,,,,
Mexico,MEX,Interest payments (% of revenue),GC.XPN.INTP.RV.ZS,,,,,,,,,,,,,,,,,,,,,,,,,,,,,,,52.49702053,30.60243863,21.86752578,16.24957935,13.41937307,18.8602983,18.80671648,15.11835502,16.54967177,18.27816742,13.95980854,,,,,,,,,,,,,,,
Marshall Islands,MHL,Interest payments (% of revenue),GC.XPN.INTP.RV.ZS,,,,,,,,,,,,,,,,,,,,,,,,,,,,,,,,,,,,,,,,,,,,,,,,,,,,,,,,
Middle income,MIC,Interest payments (% of revenue),GC.XPN.INTP.RV.ZS,,,,,,,,,,,,,,,,,,,,,,,,,,,,,,,,,,,,,,12.96492623,14.30489673,13.13993916,11.93361825,11.54878578,12.55580699,11.89889926,10.56532196,8.898352563,7.662498491,6.538369331,5.352506305,6.352403976,6.411096303,6.315442196,6.998440688,,,
"Macedonia, FYR",MKD,Interest payments (% of revenue),GC.XPN.INTP.RV.ZS,,,,,,,,,,,,,,,,,,,,,,,,,,,,,,,,,,,,,,,,,,,,,,2.574118848,2.989873125,2.445452074,1.96247126,1.923772955,2.480385108,2.617647059,3.168662112,,,
Mali,MLI,Interest payments (% of revenue),GC.XPN.INTP.RV.ZS,,,,,,,,,,,,,,,,,,,,,,,,,,,,,,,,,,,,,,,,,4.971273832,4.008429542,4.405415145,3.537633284,3.158309612,3.019840528,0.850684148,1.798099177,1.870384833,1.703841438,2.040093545,3.019632342,3.001706817,3.271423696,,
Malta,MLT,Interest payments (% of revenue),GC.XPN.INTP.RV.ZS,,,,,,,,,,,,,,,,,,,,,,,,,,,,,,,1.914191324,2.876022485,3.478515139,3.930418255,4.995102845,5.131238775,6.043848205,7.496385075,9.140755712,10.59336518,10.59403188,10.53665094,9.785476287,9.317167676,9.249668512,9.167888917,8.604863888,8.297216522,8.213443645,7.992357793,7.674399371,7.870252226,7.829133228,7.401567208,,
Myanmar,MMR,Interest payments (% of revenue),GC.XPN.INTP.RV.ZS,,,,,,,,,,,,,,,,,,,,,,,,,,,,,,,,,,,,,,,,,,,,,,,,,,,,,,,,
Middle East & North Africa (developing only),MNA,Interest payments (% of revenue),GC.XPN.INTP.RV.ZS,,,,,,,,,,,,,,,,,,,,,,,,,,,,,,,,,,,10.24429409,11.32621011,,13.24261424,11.839752,11.56759143,10.8118298,10.07856636,9.324616499,8.095220123,7.332651121,7.492765109,6.783714486,6.538369331,5.194498313,4.660212273,6.275962573,5.582527687,8.568127303,,,
Montenegro,MNE,Interest payments (% of revenue),GC.XPN.INTP.RV.ZS,,,,,,,,,,,,,,,,,,,,,,,,,,,,,,,,,,,,,,,,,,,,,,,,,,,,,,,,
Mongolia,MNG,Interest payments (% of revenue),GC.XPN.INTP.RV.ZS,,,,,,,,,,,,,,,,,,,,,,,,,,,,,,,,,0.626515764,4.188005947,2.639564046,1.63704567,3.165672615,10.93777335,6.17922768,8.502251145,5.99943274,4.531192754,4.970933755,3.060444295,,,1.18607539,0.968861867,0.974472222,1.55790678,1.397261608,0.951787441,2.775443534,,,
Northern Mariana Islands,MNP,Interest payments (% of revenue),GC.XPN.INTP.RV.ZS,,,,,,,,,,,,,,,,,,,,,,,,,,,,,,,,,,,,,,,,,,,,,,,,,,,,,,,,
Mozambique,MOZ,Interest payments (% of revenue),GC.XPN.INTP.RV.ZS,,,,,,,,,,,,,,,,,,,,,,,,,,,,,,,,,,,,,,,,,,,,,,,,,,,3.002683618,3.276927111,3.314794042,,,
Mauritania,MRT,Interest payments (% of revenue),GC.XPN.INTP.RV.ZS,,,,,,,,,,,,,,,,,,,,,,,,,,,,,,,,,,,,,,,,,,,,,,,,,,,,,,,,
Mauritius,MUS,Interest payments (% of revenue),GC.XPN.INTP.RV.ZS,,,,,,,,,,,,,,,,,,,,,,,,,,,,,,,14.85690825,15.36904371,12.88936325,9.503103145,9.326209584,11.27370707,13.30442343,12.54580282,13.17236916,13.13993916,11.93361825,13.46569773,12.54237782,13.31066783,13.68847903,11.8363391,12.02282269,14.76059952,13.71290729,11.68486994,11.08667526,8.919243833,8.507913422,7.815061057,,
Malawi,MWI,Interest payments (% of revenue),GC.XPN.INTP.RV.ZS,,,,,,,,,,,,,,,,,,,,,,,,,,,,,,,,,,,,,,,,,,,,,,,,,,,,,,,,
Malaysia,MYS,Interest payments (% of revenue),GC.XPN.INTP.RV.ZS,,,,,,,,,,,,,,,,,,,,,,,,,,,,,,,,,,,,,11.50563852,9.726006661,12.1922461,13.43925427,14.53661043,12.05524797,11.57769955,11.38778507,10.98513049,10.91596662,10.11396065,9.229570398,8.008352827,8.96468064,9.78440517,9.554576392,9.396764016,,,
North America,NAC,Interest payments (% of revenue),GC.XPN.INTP.RV.ZS,,,,,,,,,,,,,,,,,,,,,,,,,,,,,,,18.08518515,18.87988173,18.73940025,17.04680451,16.10883567,16.32096913,16.49117963,15.27791933,14.08983717,12.65240796,11.2058259,16.07818173,15.95931412,15.25666498,14.90716883,14.7663265,14.49646332,15.14794882,15.2686426,15.65982192,25.39943607,25.14307485,23.75016909,20.09075197,13.24546308,
Namibia,NAM,Interest payments (% of revenue),GC.XPN.INTP.RV.ZS,,,,,,,,,,,,,,,,,,,,,,,,,,,,,,,1.335259828,0.792387019,0.737478234,2.26193169,3.21988381,3.561959937,5.373460895,6.201179659,7.969537353,7.071264114,6.218094333,7.224462253,7.862090164,8.874332673,8.799823572,8.877049249,7.182421303,6.287663389,4.745099826,4.975163957,4.910827148,4.797640835,,,,
New Caledonia,NCL,Interest payments (% of revenue),GC.XPN.INTP.RV.ZS,,,,,,,,,,,,,,,,,,,,,,,,,,,,,,,,,,,,,,,,,,,,,,,,,,,,,,,,
Niger,NER,Interest payments (% of revenue),GC.XPN.INTP.RV.ZS,,,,,,,,,,,,,,,,,,,,,,,,,,,,,,,,,,,,,,,,,,,,,,,,,,,,,,,,
Nigeria,NGA,Interest payments (% of revenue),GC.XPN.INTP.RV.ZS,,,,,,,,,,,,,,,,,,,,,,,,,,,,,,,,,,,,,,,,,,,,34.86491629,28.72484229,22.40800773,12.86975376,9.157132451,11.93674652,9.523629347,13.45655833,14.83607711,18.71504532,,,
Nicaragua,NIC,Interest payments (% of revenue),GC.XPN.INTP.RV.ZS,,,,,,,,,,,,,,,,,,,,,,,,,,,,,,,0.015509888,3.699293898,11.70251422,14.33076313,18.80961663,13.40298893,10.42018466,16.4692968,15.93204943,8.570604256,11.09579857,13.73303409,12.75900919,15.69028732,10.12083316,8.955309506,7.943223296,6.450543658,5.352506305,6.352403976,6.546230033,6.000424614,5.637406335,,,
Netherlands,NLD,Interest payments (% of revenue),GC.XPN.INTP.RV.ZS,,,,,,,,,,,,,,,,,,,,,,,,,,,,,,,9.350948929,9.182543568,9.534217577,9.784587405,9.934386041,11.03653742,10.32960933,9.871820005,9.533548465,8.500003201,7.19971065,6.541876452,6.084157792,5.719965972,5.501097696,5.092079629,4.462995966,4.394874387,4.464865279,4.72916797,6.204297421,6.468200133,6.181624635,5.597466047,,
High income: nonOECD,NOC,Interest payments (% of revenue),GC.XPN.INTP.RV.ZS,,,,,,,,,,,,,,,,,,,,,,,,,,,,,,,,,,,5.005910771,5.939099814,4.990774851,3.503994263,4.048514458,6.367251993,5.635541138,6.172277541,4.806922366,4.659518533,4.033771154,3.10502378,2.285299065,1.877548548,1.746919321,3.304080614,4.500075859,,,,,
Norway,NOR,Interest payments (% of revenue),GC.XPN.INTP.RV.ZS,,,,,,,,,,,,,,,,,,,,,,,,,,,,,,,5.974414817,5.378140533,5.616604125,6.205287451,6.017654749,5.5287251,5.06233559,4.160576831,4.132192352,3.784514249,2.214615934,2.579994877,2.498702455,2.76961538,2.125235263,1.756652105,2.324799572,1.620626851,1.627797,2.038154552,1.790686744,1.333832861,0.947000034,0.90771242,,
Nepal,NPL,Interest payments (% of revenue),GC.XPN.INTP.RV.ZS,,,,,,,,,,,,,,,,,,,,,,,,,,,,,,,,,,,,12.68350405,12.30827977,11.54729174,10.20286072,10.44814341,10.47484516,8.881075257,10.50217506,10.18457994,9.20845998,7.540973268,7.323054715,6.032025318,5.282810249,4.911449709,4.615617359,4.950054843,5.31836738,4.092350652,,
New Zealand,NZL,Interest payments (% of revenue),GC.XPN.INTP.RV.ZS,,,,,,,,,,,,,,,,,,,,,,,,,,,,,,,,,,,,,,,,,,5.953896731,4.852225971,5.00843089,4.714865957,4.509351764,3.851401031,3.422463425,1.944161696,2.502385279,2.77042495,3.767174187,3.631803631,5.696277641,,
High income: OECD,OEC,Interest payments (% of revenue),GC.XPN.INTP.RV.ZS,,,,,,,,,,,,,,,,,,,,,,,,,,,,,,,9.42844965,7.489635925,7.602639383,8.878145746,9.913705178,10.37706598,9.796032328,9.351085005,9.102155141,7.636624968,7.144290566,6.494744345,6.103410386,5.719965972,5.501097696,5.092079629,5.430792695,4.511954297,4.464865279,4.736883359,8.031076728,8.63472672,8.17167877,9.603483374,,
OECD members,OED,Interest payments (% of revenue),GC.XPN.INTP.RV.ZS,,,,,,,,,,,,,,,,,,,,,,,,,,,,,,,9.653176815,9.182543568,9.534217577,9.574636648,9.934386041,11.37251903,10.09750913,9.788979058,9.232097996,7.711704511,7.19971065,6.494744345,6.103410386,5.719965972,5.501097696,5.092079629,5.430792695,4.511954297,5.141701332,5.008495968,8.139914525,8.854708667,9.245461206,10.17854396,,
Oman,OMN,Interest payments (% of revenue),GC.XPN.INTP.RV.ZS,,,,,,,,,,,,,,,,,,,,,,,,,,,,,,,5.846621109,5.433761353,7.398783144,7.323840818,7.142350521,7.768228817,7.566487701,5.646704855,7.137838977,7.056638812,4.754083807,3.746077146,2.362657821,1.823828517,1.853281853,1.503217967,1.131737502,1.330798479,0.669884221,0.664834678,0.474715678,0.360038555,0.336662802,,,
Other small states,OSS,Interest payments (% of revenue),GC.XPN.INTP.RV.ZS,,,,,,,,,,,,,,,,,,,,,,,,,,,,,,,6.107735318,5.113870805,3.290685911,,3.17115801,3.382278319,4.167963691,,,,,,,,,,5.934796217,,,,,,,,,
Pakistan,PAK,Interest payments (% of revenue),GC.XPN.INTP.RV.ZS,,,,,,,,,,,,,,,,,,,,,,,,,,,,,,,28.14590839,29.86489022,27.62152104,33.16145825,35.83432233,30.83350671,33.51913331,38.0791281,42.23980481,43.04113943,41.55783246,53.74413529,44.88126668,33.91636123,39.94174484,31.81649723,33.915491,29.17012131,34.76884954,41.68041978,37.37204732,37.66916058,37.97766332,34.12317898,,
Panama,PAN,Interest payments (% of revenue),GC.XPN.INTP.RV.ZS,,,,,,,,,,,,,,,,,,,,,,,,,,,,,,,7.001466276,5.16336056,11.76950892,6.304072856,13.27047851,6.839793406,15.24213866,12.96492623,16.71870447,18.02781005,20.56561922,19.31232242,,,,,,,,,,,,,,
Peru,PER,Interest payments (% of revenue),GC.XPN.INTP.RV.ZS,,,,,,,,,,,,,,,,,,,,,,,,,,,,,,,61.61112415,28.03083392,29.24935441,27.53673383,21.77944604,19.23624639,13.73741,10.4429495,11.29241458,13.03947151,13.50085518,12.78705192,12.56923615,12.41001346,11.94908319,10.56361708,9.466784964,8.741263956,7.63366377,6.999923093,5.828189708,5.449814831,4.948068349,,,
Philippines,PHL,Interest payments (% of revenue),GC.XPN.INTP.RV.ZS,,,,,,,,,,,,,,,,,,,,,,,,,,,,,,,40.2410593,34.58811146,33.02662393,29.56425281,25.83641909,21.47161124,18.90416983,16.8616935,21.65634399,22.40896949,27.61999232,31.07834023,35.23465134,37.67878845,39.27634363,38.69033753,33.14520577,26.47278955,24.11899232,25.72137558,25.07016019,20.8158942,20.73027677,,,
Palau,PLW,Interest payments (% of revenue),GC.XPN.INTP.RV.ZS,,,,,,,,,,,,,,,,,,,,,,,,,,,,,,,,,,,,,,,,,,,,,,,,,,,,,,,,
Papua New Guinea,PNG,Interest payments (% of revenue),GC.XPN.INTP.RV.ZS,,,,,,,,,,,,,,,,,,,,,,,,,,,,,,,11.677933,7.914226804,12.34754733,11.9856505,12.97141672,18.74541359,14.23072329,14.00422762,16.86307897,15.45727244,14.69727561,14.79761843,19.90495268,,,,,,,,,,,,,
Poland,POL,Interest payments (% of revenue),GC.XPN.INTP.RV.ZS,,,,,,,,,,,,,,,,,,,,,,,,,,,,,,,,,,,9.913705178,11.70850064,9.865408931,9.351085005,9.102155141,9.374111536,8.469474171,8.835103267,9.085500838,8.478977574,8.138066088,7.941824651,6.921845425,5.763853254,6.797232056,7.858228959,11.53046833,11.23393344,12.11432649,11.78313125,,
Puerto Rico,PRI,Interest payments (% of revenue),GC.XPN.INTP.RV.ZS,,,,,,,,,,,,,,,,,,,,,,,,,,,,,,,,,,,,,,,,,,,,,,,,,,,,,,,,
"Korea, Dem. People’s Rep.",PRK,Interest payments (% of revenue),GC.XPN.INTP.RV.ZS,,,,,,,,,,,,,,,,,,,,,,,,,,,,,,,,,,,,,,,,,,,,,,,,,,,,,,,,
Portugal,PRT,Interest payments (% of revenue),GC.XPN.INTP.RV.ZS,,,,,,,,,,,,,,,,,,,,,,,,,,,,,,,20.43819448,,,,,16.69333002,14.15084364,11.19183357,9.232097996,8.39343037,8.518763183,8.502739204,7.813006802,7.436220672,7.383534933,7.262493256,7.742975703,7.959945019,8.445518386,8.507488575,11.08907422,15.24730776,16.61857397,15.64652411,,
Paraguay,PRY,Interest payments (% of revenue),GC.XPN.INTP.RV.ZS,,,,,,,,,,,,,,,,,,,,,,,,,,,,,,,,,,,,,,,,,,,,,,5.57483731,4.613516433,4.028153161,2.939065035,2.641016796,1.79780163,1.253513862,1.037334243,,,
Pacific island small states,PSS,Interest payments (% of revenue),GC.XPN.INTP.RV.ZS,,,,,,,,,,,,,,,,,,,,,,,,,,,,,,,,,,,,,,,,,,,,,,,,,,,,,,,,
French Polynesia,PYF,Interest payments (% of revenue),GC.XPN.INTP.RV.ZS,,,,,,,,,,,,,,,,,,,,,,,,,,,,,,,,,,,,,,,,,,,,,,,,,,,,,,,,
Qatar,QAT,Interest payments (% of revenue),GC.XPN.INTP.RV.ZS,,,,,,,,,,,,,,,,,,,,,,,,,,,,,,,,,,,,,,,,,,,,,3.458577604,2.924574629,2.338461023,1.578402793,1.491709849,2.128566055,3.5594017,,,,,
Romania,ROU,Interest payments (% of revenue),GC.XPN.INTP.RV.ZS,,,,,,,,,,,,,,,,,,,,,,,,,,,,,,,,0.111683631,0.678117271,2.473316626,4.365687895,5.384856441,6.71420069,16.14122392,13.23080455,16.11311399,12.27661645,10.98332498,7.776750867,5.213204537,4.518472209,4.068584468,2.341688938,1.869934603,1.787300537,4.391931997,5.938329399,6.630380324,7.584347165,7.67410276,,
Russian Federation,RUS,Interest payments (% of revenue),GC.XPN.INTP.RV.ZS,,,,,,,,,,,,,,,,,,,,,,,,,,,,,,,,,,,,,,,,16.05958367,14.29113748,9.511764058,6.478167392,5.994148035,4.033771154,3.10502378,2.1871681,1.350819387,1.100705763,1.739566034,2.066697991,1.949665265,2.250939862,2.635075345,,
Rwanda,RWA,Interest payments (% of revenue),GC.XPN.INTP.RV.ZS,,,,,,,,,,,,,,,,,,,,,,,,,,,,,,,10.16649969,17.80765082,18.05257813,,,,,,,,,,,,,,,,2.014100518,1.575600466,1.774273409,1.766727291,1.905617081,2.792432236,,
South Asia,SAS,Interest payments (% of revenue),GC.XPN.INTP.RV.ZS,,,,,,,,,,,,,,,,,,,,,,,,,,,,,,,27.80498305,28.92360829,27.62152104,33.16145825,33.63761766,28.58062941,31.96133579,32.52069171,33.77086205,33.90619779,35.90806058,39.34556863,39.46951335,33.91636123,31.90673024,28.57095349,22.36135894,22.03268055,24.17430223,25.09576996,20.56560324,19.34408592,24.90876443,,,
Saudi Arabia,SAU,Interest payments (% of revenue),GC.XPN.INTP.RV.ZS,,,,,,,,,,,,,,,,,,,,,,,,,,,,,,,,,,,,,,,,,,,,,,,,,,,,,,,,
Sudan,SDN,Interest payments (% of revenue),GC.XPN.INTP.RV.ZS,,,,,,,,,,,,,,,,,,,,,,,,,,,,,,,,,,,,,,,7.209068538,9.393781451,,,,,,,,,,,,,,,,
Senegal,SEN,Interest payments (% of revenue),GC.XPN.INTP.RV.ZS,,,,,,,,,,,,,,,,,,,,,,,,,,,,,,,,,,,,,11.52993331,11.77179651,6.498599665,7.477128842,7.399542158,4.56462802,,,,,,,,3.473393674,4.296513788,6.731777611,6.49162102,,,
Singapore,SGP,Interest payments (% of revenue),GC.XPN.INTP.RV.ZS,,,,,,,,,,,,,,,,,,,,,,,,,,,,,,,11.30819158,13.19845374,8.765328257,4.381562556,3.884026258,3.84072296,2.936524673,2.48727528,2.56396975,2.077857674,1.248324988,1.273836571,1.273504274,1.149912244,0.796867298,0.525049789,0.333601476,0.104771883,0.059007599,0.06992795,0.009842484,0.00718989,0.004965143,,,
Solomon Islands,SLB,Interest payments (% of revenue),GC.XPN.INTP.RV.ZS,,,,,,,,,,,,,,,,,,,,,,,,,,,,,,,,,,,,,,,,,,,,,,,,,,,,,,,,
Sierra Leone,SLE,Interest payments (% of revenue),GC.XPN.INTP.RV.ZS,,,,,,,,,,,,,,,,,,,,,,,,,,,,,,,,,,,,,,,,,,,,,,,,,,,,,,,,
El Salvador,SLV,Interest payments (% of revenue),GC.XPN.INTP.RV.ZS,,,,,,,,,,,,,,,,,,,,,,,,,,,,,,,,,,,,,,,8.008570579,8.999600439,7.103231393,7.461307277,12.53525457,11.24178485,14.43753815,13.61674297,15.34848909,10.82718611,9.753897314,12.30052522,14.73175834,12.77494485,12.5976256,11.88138446,,
San Marino,SMR,Interest payments (% of revenue),GC.XPN.INTP.RV.ZS,,,,,,,,,,,,,,,,,,,,,,,,,,,,,,,,,,,,0.705384433,,,,,,,2.25446735,0.884262249,0.734266815,0.54928159,2.042360427,2.275298618,1.010200426,1.14644217,1.141486706,1.222987849,1.222587417,1.003059624,,
Somalia,SOM,Interest payments (% of revenue),GC.XPN.INTP.RV.ZS,,,,,,,,,,,,,,,,,,,,,,,,,,,,,,,,,,,,,,,,,,,,,,,,,,,,,,,,
Serbia,SRB,Interest payments (% of revenue),GC.XPN.INTP.RV.ZS,,,,,,,,,,,,,,,,,,,,,,,,,,,,,,,,,,,,,,,,,,,,,,,,1.855481994,1.446851491,1.990676013,2.889659813,3.533103609,5.115307324,,,
Sub-Saharan Africa (developing only),SSA,Interest payments (% of revenue),GC.XPN.INTP.RV.ZS,,,,,,,,,,,,,,,,,,,,,,,,,,,,,,,,,,,,,,,,,,,,,,,,,4.76231449,4.975163957,4.434408874,4.614855006,,,,
South Sudan,SSD,Interest payments (% of revenue),GC.XPN.INTP.RV.ZS,,,,,,,,,,,,,,,,,,,,,,,,,,,,,,,,,,,,,,,,,,,,,,,,,,,,,,,,
Sub-Saharan Africa (all income levels),SSF,Interest payments (% of revenue),GC.XPN.INTP.RV.ZS,,,,,,,,,,,,,,,,,,,,,,,,,,,,,,,,,,,,,,,,,,,,,,,,,4.76231449,4.975163957,4.434408874,4.614855006,,,,
Small states,SST,Interest payments (% of revenue),GC.XPN.INTP.RV.ZS,,,,,,,,,,,,,,,,,,,,,,,,,,,,,,,6.107735318,5.113870805,3.290685911,,3.21988381,3.561959937,,,,,,13.46569773,12.54237782,13.31066783,10.95316235,8.877049249,6.634153945,6.379498987,4.886916877,,,,,,,
Sao Tome and Principe,STP,Interest payments (% of revenue),GC.XPN.INTP.RV.ZS,,,,,,,,,,,,,,,,,,,,,,,,,,,,,,,,,,,,,,,,,,,10.35212593,7.24417993,6.834154335,7.865105695,9.766866797,0.797332417,1.917083152,2.312838797,1.112262308,1.350170169,1.829972426,,,
Suriname,SUR,Interest payments (% of revenue),GC.XPN.INTP.RV.ZS,,,,,,,,,,,,,,,,,,,,,,,,,,,,,,,,,,,,,,,,,,5.564777124,8.676924014,7.165773084,6.164303391,6.946602362,6.230295611,4.103586275,2.617777808,4.526407678,3.974173605,3.953119891,3.332902673,,,
Slovak Republic,SVK,Interest payments (% of revenue),GC.XPN.INTP.RV.ZS,,,,,,,,,,,,,,,,,,,,,,,,,,,,,,,,,,,,,4.870404531,4.968453778,7.681245899,8.07761063,7.371063785,8.846333636,10.09632587,7.00798714,5.648503272,4.518067197,5.610438659,4.511954297,4.134063007,4.736883359,7.922238931,8.918747203,10.81099916,,,
Slovenia,SVN,Interest payments (% of revenue),GC.XPN.INTP.RV.ZS,,,,,,,,,,,,,,,,,,,,,,,,,,,,,,,,,1.184015787,2.98811545,3.574329813,2.830295483,3.075995175,3.06159095,3.232133051,3.480598249,3.498879899,3.643229079,4.009329608,3.909216862,3.586453056,3.979961834,3.722791874,3.316507884,2.786225629,2.897961663,3.961060584,3.980639712,4.86558536,,,
Sweden,SWE,Interest payments (% of revenue),GC.XPN.INTP.RV.ZS,,,,,,,,,,,,,,,,,,,,,,,,,,,,,,,10.60800387,9.999999732,9.837300762,13.56684097,17.31359562,12.31643475,12.33969198,12.2624469,10.25754638,9.225399653,7.849542723,6.494744345,7.670020507,5.454474574,4.388992591,4.433725103,4.11619239,4.028473958,3.762098133,2.946345092,2.889604767,2.971150971,2.174363899,2.063390433,,
Swaziland,SWZ,Interest payments (% of revenue),GC.XPN.INTP.RV.ZS,,,,,,,,,,,,,,,,,,,,,,,,,,,,,,,,,,,,,,,,,,,,,,,,,,,,,,,,
Sint Maarten (Dutch part),SXM,Interest payments (% of revenue),GC.XPN.INTP.RV.ZS,,,,,,,,,,,,,,,,,,,,,,,,,,,,,,,,,,,,,,,,,,,,,,,,,,,,,,,,
Seychelles,SYC,Interest payments (% of revenue),GC.XPN.INTP.RV.ZS,,,,,,,,,,,,,,,,,,,,,,,,,,,,,,,,,,15.93256379,18.45955941,22.76331747,22.32072325,22.28602895,21.25045973,20.07933884,18.63169089,19.01554775,19.11014312,12.39321107,13.91322707,11.67087861,15.14552239,16.67664736,13.22659008,16.35259882,14.79057158,7.705401943,10.32010678,,,
Syrian Arab Republic,SYR,Interest payments (% of revenue),GC.XPN.INTP.RV.ZS,,,,,,,,,,,,,,,,,,,,,,,,,,,,,,,,,,,,,,,3.704174468,4.035251961,8.609549247,7.626946535,4.54156694,5.259254874,6.205013651,8.139436975,6.783714486,6.538369331,5.194498313,4.660212273,,,,,,
Turks and Caicos Islands,TCA,Interest payments (% of revenue),GC.XPN.INTP.RV.ZS,,,,,,,,,,,,,,,,,,,,,,,,,,,,,,,,,,,,,,,,,,,,,,,,,,,,,,,,
Chad,TCD,Interest payments (% of revenue),GC.XPN.INTP.RV.ZS,,,,,,,,,,,,,,,,,,,,,,,,,,,,,,,,,,,,,,,,,,,,,,,,,,,,,,,,
Togo,TGO,Interest payments (% of revenue),GC.XPN.INTP.RV.ZS,,,,,,,,,,,,,,,,,,,,,,,,,,,,,,,,,,,,,,,,,,,,,10.53369746,7.090348116,5.266559324,5.562608839,4.325288404,4.023061201,4.47593508,2.883632767,4.508693072,4.911167238,,
Thailand,THA,Interest payments (% of revenue),GC.XPN.INTP.RV.ZS,,,,,,,,,,,,,,,,,,,,,,,,,,,,,,,9.780438102,7.281644917,5.895247591,4.401211498,3.178363531,1.788332004,1.158644049,1.759872634,1.146963455,6.021006879,7.386424343,7.07800615,7.639021155,5.832411203,6.674628932,6.059916857,7.153532782,5.625386399,4.910323583,5.782252597,6.728911801,6.315442196,6.345271038,3.825268093,,
Tajikistan,TJK,Interest payments (% of revenue),GC.XPN.INTP.RV.ZS,,,,,,,,,,,,,,,,,,,,,,,,,,,,,,,,,,,,,,,14.49308163,4.211454873,3.677585844,4.788265942,,9.21328153,5.092052036,,,,,,,,,,,
Turkmenistan,TKM,Interest payments (% of revenue),GC.XPN.INTP.RV.ZS,,,,,,,,,,,,,,,,,,,,,,,,,,,,,,,,,,,,,,,,,,,,,,,,,,,,,,,,
Timor-Leste,TLS,Interest payments (% of revenue),GC.XPN.INTP.RV.ZS,,,,,,,,,,,,,,,,,,,,,,,,,,,,,,,,,,,,,,,,,,,,,,,,,,,,,,,,
Tonga,TON,Interest payments (% of revenue),GC.XPN.INTP.RV.ZS,,,,,,,,,,,,,,,,,,,,,,,,,,,,,,,,,,,,,,,,,,,,,,,,,,,,,,,,
Trinidad and Tobago,TTO,Interest payments (% of revenue),GC.XPN.INTP.RV.ZS,,,,,,,,,,,,,,,,,,,,,,,,,,,,,,,,,,21.01992032,20.49599023,18.2123718,,,,,,15.95016869,16.44469626,14.21371852,10.95316235,8.234379303,6.085886588,6.471334585,5.028733928,8.413241378,7.073388855,,,,,
Tunisia,TUN,Interest payments (% of revenue),GC.XPN.INTP.RV.ZS,,,,,,,,,,,,,,,,,,,,,,,,,,,,,,,10.57938965,11.51713351,10.68853421,11.40268875,11.02564614,12.30003486,13.2738849,12.93417298,11.42857143,11.56759143,11.34264287,10.35972234,10.09943825,9.466037203,9.539150061,9.637581213,9.311947778,8.762149058,7.001342052,6.94388545,6.275962573,5.582527687,5.601521803,,,
Turkey,TUR,Interest payments (% of revenue),GC.XPN.INTP.RV.ZS,,,,,,,,,,,,,,,,,,,,,,,,,,,,,,,22.57540201,18.87372256,15.23464535,19.4226698,23.78933966,15.09111654,18.29284122,36.1202268,49.85798505,,,,,,,,,,15.74081476,14.7229381,16.95529831,13.47374406,12.85694277,10.52135437,,
Tuvalu,TUV,Interest payments (% of revenue),GC.XPN.INTP.RV.ZS,,,,,,,,,,,,,,,,,,,,,,,,,,,,,,,,,,,,,,,,,,,,,,,,,,,,,,,,
Tanzania,TZA,Interest payments (% of revenue),GC.XPN.INTP.RV.ZS,,,,,,,,,,,,,,,,,,,,,,,,,,,,,,,,,,,,,,,,,,,,,,,,,,4.461086693,4.392882669,4.342275664,8.012223586,,,
Uganda,UGA,Interest payments (% of revenue),GC.XPN.INTP.RV.ZS,,,,,,,,,,,,,,,,,,,,,,,,,,,,,,,,,,,,,,,,5.070774068,4.730873482,4.589144617,5.753612781,6.460737084,9.316641232,7.691558483,7.788489628,6.839434046,7.763650224,7.660789824,7.114998186,5.807976159,7.771069372,,,
Ukraine,UKR,Interest payments (% of revenue),GC.XPN.INTP.RV.ZS,,,,,,,,,,,,,,,,,,,,,,,,,,,,,,,,,,,,,,,,9.790828457,9.154712407,6.884744984,3.971517547,3.054940739,2.827774048,2.084648674,1.699235515,1.483494054,1.271718896,3.055553071,4.394515775,5.17430584,4.875073093,,,
Upper middle income,UMC,Interest payments (% of revenue),GC.XPN.INTP.RV.ZS,,,,,,,,,,,,,,,,,,,,,,,,,,,,,,,,,12.13415271,9.507421838,9.394575811,8.765556055,11.14324786,12.7399879,12.74675859,12.30353147,11.96259954,10.86286801,8.824677526,9.349673801,9.539150061,7.193502649,7.167977042,5.625386399,4.779529154,5.782252597,5.883259553,5.516171259,5.97339642,,,
Uruguay,URY,Interest payments (% of revenue),GC.XPN.INTP.RV.ZS,,,,,,,,,,,,,,,,,,,,,,,,,,,,,,,7.94446587,6.871955463,6.050404002,4.87804878,6.127795285,5.939099814,4.400529918,5.030046367,4.867237779,7.194683251,7.786548506,8.875159266,14.7816053,21.06879192,18.5368569,16.03243119,15.41576983,14.23665863,10.85735318,9.331495244,7.949318152,8.081787454,7.745891601,,,
United States,USA,Interest payments (% of revenue),GC.XPN.INTP.RV.ZS,,,,,,,,,,,,,,,,,,,,,,,,,,,,,,,18.08518515,18.87988173,18.73940025,17.04680451,16.10883567,16.32096913,16.49117963,15.27791933,14.08983717,12.65240796,11.2058259,16.07818173,15.95931412,15.25666498,14.90716883,14.7663265,14.49646332,15.14794882,15.2686426,15.65982192,25.39943607,25.14307485,23.75016909,20.09075197,13.24546308,
Uzbekistan,UZB,Interest payments (% of revenue),GC.XPN.INTP.RV.ZS,,,,,,,,,,,,,,,,,,,,,,,,,,,,,,,,,,,,,,,,,,,,,,,,,,,,,,,,
St. Vincent and the Grenadines,VCT,Interest payments (% of revenue),GC.XPN.INTP.RV.ZS,,,,,,,,,,,,,,,,,,,,,,,,,,,,,,,,,,,,,,,,,,,,,,,,,,,,,,,,
"Venezuela, RB",VEN,Interest payments (% of revenue),GC.XPN.INTP.RV.ZS,,,,,,,,,,,,,,,,,,,,,,,,,,,,,,,13.75953438,13.78777339,17.93226443,20.50149675,24.95211297,29.02235013,19.07494979,10.09504771,14.03679381,14.67769349,12.00989863,13.35475469,20.1114652,19.53550448,14.83483955,10.40395763,,,,,,,,,,
Virgin Islands (U.S.),VIR,Interest payments (% of revenue),GC.XPN.INTP.RV.ZS,,,,,,,,,,,,,,,,,,,,,,,,,,,,,,,,,,,,,,,,,,,,,,,,,,,,,,,,
Vietnam,VNM,Interest payments (% of revenue),GC.XPN.INTP.RV.ZS,,,,,,,,,,,,,,,,,,,,,,,,,,,,,,,,,,,,,,,,,,,,,,,,,,,,,,,,
Vanuatu,VUT,Interest payments (% of revenue),GC.XPN.INTP.RV.ZS,,,,,,,,,,,,,,,,,,,,,,,,,,,,,,,3.972922213,,,,,2.517050991,2.534634761,2.352941176,2.411985019,3.675048356,,,,,,,,,,1.880473373,1.995201943,2.679528403,,,,
West Bank and Gaza,PSE,Interest payments (% of revenue),GC.XPN.INTP.RV.ZS,,,,,,,,,,,,,,,,,,,,,,,,,,,,,,,,,,,,,,,,,,,,,,2.333949773,2.925089256,1.513067445,1.072693262,1.84949422,1.386268445,1.899796412,2.336544608,2.451528874,,
World,WLD,Interest payments (% of revenue),GC.XPN.INTP.RV.ZS,,,,,,,,,,,,,,,,,,,,,,,,,,,,,,,,,,,,11.15621833,10.54078342,10.64808493,10.43294739,9.592304954,9.276373077,8.574565115,8.305996797,7.328891287,7.279686498,6.500479501,5.554619219,5.562608839,4.325288404,4.676358386,5.559497044,5.575572244,6.181624635,,,
Samoa,WSM,Interest payments (% of revenue),GC.XPN.INTP.RV.ZS,,,,,,,,,,,,,,,,,,,,,,,,,,,,,,,,,,,,,,,,,,,,,,,,,,,3.061627185,2.886423572,2.967427355,,,
"Yemen, Rep.",YEM,Interest payments (% of revenue),GC.XPN.INTP.RV.ZS,,,,,,,,,,,,,,,,,,,,,,,,,,,,,,,,,,,,,,,,,,,,,,,,,,,,,,,,
South Africa,ZAF,Interest payments (% of revenue),GC.XPN.INTP.RV.ZS,,,,,,,,,,,,,,,,,,,,,,,,,,,,,,,15.37640449,16.77213757,19.92096404,20.58374219,20.14852834,21.56618894,20.63338808,21.66471849,21.38916898,19.78277245,19.09884542,16.9683696,15.13095916,13.67122459,12.26352897,10.78916003,9.44879634,8.282660165,7.758217696,8.30962324,9.121819988,9.683608321,10.26426111,10.45261025,,
"Congo, Dem. Rep.",COD,Interest payments (% of revenue),GC.XPN.INTP.RV.ZS,,,,,,,,,,,,,,,,,,,,,,,,,,,,,,,10.10498783,6.81712963,58.46153846,24.41767068,18.97309732,0.636942675,3.078190305,0.110098814,3.460114012,9.349336702,,,1.556014059,1.544289062,7.279686498,8.767195294,9.299049281,2.257316634,1.935987047,2.013391578,1.276655362,,,,,
Zambia,ZMB,Interest payments (% of revenue),GC.XPN.INTP.RV.ZS,,,,,,,,,,,,,,,,,,,,,,,,,,,,,,,7.126527966,31.90420592,15.07451416,12.90621855,,,,,13.46317234,14.0587725,,5.274685919,14.462192,19.74804187,21.09320749,17.88970905,7.657635589,7.202324463,9.688505095,8.461824433,9.021332888,4.432069176,,,,
Zimbabwe,ZWE,Interest payments (% of revenue),GC.XPN.INTP.RV.ZS,,,,,,,,,,,,,,,,,,,,,,,,,,,,,,,17.72534214,19.72300894,21.34127925,19.71594588,23.3910882,34.17386266,36.11720028,23.80696665,,,,,,,,,,,,,,,,,,
